Workbook
Name _: #REF!
Name _: #REF!
Name _?: #REF!
Name _?: #REF!
Name _?춑_TOTAL: [1]major!#REF!
Name _?춮t2: [2]현금경비중역!#REF!
Name _?춮ta: [2]현금경비중역!#REF!
Name _?춮tb: [2]현금경비중역!#REF!
Name __: [3]표지!#REF!
Name __?: #REF!
Name __?: #REF!
Name __?춑_TOTAL: [1]major!#REF!
Name __?춮t2: [2]현금경비중역!#REF!
Name __?춮ta: [2]현금경비중역!#REF!
Name __?춮tb: [2]현금경비중역!#REF!
Name ___: [3]표지!#REF!
Name ___?: #REF!
Name ___?: #REF!
Name ___?춑_TOTAL: [1]major!#REF!
Name ___?춮t2: [2]현금경비중역!#REF!
Name ___?춮ta: [2]현금경비중역!#REF!
Name ___?춮tb: [2]현금경비중역!#REF!
Name ____: [3]표지!#REF!
Name ____?: #REF!
Name ____?: #REF!
Name ____?춑_TOTAL: [1]major!#REF!
Name ____?춮t2: [2]현금경비중역!#REF!
Name ____?춮ta: [2]현금경비중역!#REF!
Name ____?춮tb: [2]현금경비중역!#REF!
Name _____: [3]표지!#REF!
Name _____?: #REF!
Name _____?: #REF!
Name _____?춑_TOTAL: [1]major!#REF!
Name _____?춮t2: [2]현금경비중역!#REF!
Name _____?춮ta: [2]현금경비중역!#REF!
Name _____?춮tb: [2]현금경비중역!#REF!
Name _______DAT1: '[4]보증금(기타)'!#REF!
Name _______DAT10: [5]가지급금기타!#REF!
Name _______DAT11: '[4]보증금(기타)'!#REF!
Name _______DAT12: #REF!
Name _______DAT12: #REF!
Name _______DAT13: #REF!
Name _______DAT13: #REF!
Name _______DAT14: #REF!
Name _______DAT14: #REF!
Name _______DAT15: #REF!
Name _______DAT15: #REF!
Name _______DAT16: #REF!
Name _______DAT16: #REF!
Name _______DAT17: #REF!
Name _______DAT17: #REF!
Name _______DAT18: #REF!
Name _______DAT18: #REF!
Name _______DAT19: #REF!
Name _______DAT19: #REF!
Name _______DAT2: '[4]보증금(기타)'!#REF!
Name _______DAT20: #REF!
Name _______DAT20: #REF!
Name _______DAT21: #REF!
Name _______DAT21: #REF!

Sheet Index
B2: Data index
B4: Description | C4: Link
B6: Sales overview | C6: Sales_01
B7: 거래처별 매출 | C7: Sales_02거래처별
B8: 자료간 Recon | C8: Sales_03자료간 차이
B9: 사업부별매출 | C9: Sales_04사업부별
B10: 사업부별매출추세 | C10: Sales_05사업부별추세
B11: 월별매출추세 | C11: Sales_06월별
B12: 제품매출 | C12: Sales_07제품매출
B13: 설비매출 | C13: Sales_08설비매출
B14: 기타매출 | C14: Sales_09기타매출
B16: 사업부별손익 | C16: 사업부별손익

Sheet Sales_01
B4: 결산명세서 및 감사보고서
B5: Sales overview
C6: 2012년 | D6: 2013년 | E6: 2014년 | F6: 2015년
B7: 백만원 | C7: 12개월 | D7: 12개월 | E7: 12개월 | F7: 6개월
B8: 제품 | C8: 526517112721 | D8: 544246783298 | E8: 566780439272 | F8: 294177847835 | H8: 제품매출 vs 기타매출 구분기준
B9: 기타 | C9: 2052397629 | D9: 11493484827 | E9: 17891881632 | F9: 9745199114
B10: 합계 | C10: =SUM(C8:C9) -> 528569510350 | D10: =SUM(D8:D9) -> 555740268125 | E10: =SUM(E8:E9) -> 584672320904 | F10: =SUM(F8:F9) -> 303923046949
B16: Val_8,9 제품별 사업부별 매출액
B17: 사업부별(내부보고) 매출
C18: 2012년 | D18: 2013년 | E18: 2014년 | F18: 2015년
B19: 백만원 | C19: 12개월 | D19: 12개월 | E19: 12개월 | F19: 6개월
B20: 스위치 | C20: 301650469844 | D20: 329529138676 | E20: 357818553490 | F20: 189665157770 | H20: 스위치 | I20: =C20/C$27 -> 0.57069215 | J20: =D20/D$27 -> 0.5929553 | K20: =E20/E$27 -> 0.61199845 | L20: =F20/F$27 -> 0.62405652
B21: 릴레이 | C21: 69649481160 | D21: 63547706707 | E21: 56026768138 | F21: 27146825614 | H21: 릴레이 | I21: =C21/C$27 -> 0.13176977 | J21: =D21/D$27 -> 0.11434785 | K21: =E21/E$27 -> 0.095825929 | L21: =F21/F$27 -> 0.089321379
B22: BCS | C22: 40168769460 | D22: 33386486016 | E22: 26961139273 | F22: 10360925486 | H22: BCS | I22: =C22/C$27 -> 0.075995245 | J22: =D22/D$27 -> 0.060075701 | K22: =E22/E$27 -> 0.046113247 | L22: =F22/F$27 -> 0.034090621
B23: ECU | C23: 43499623320 | D23: 44066949023 | E23: 48731959043 | F23: 25563257442 | H23: ECU | I23: =C23/C$27 -> 0.082296883 | J23: =D23/D$27 -> 0.079294144 | K23: =E23/E$27 -> 0.083349181 | L23: =F23/F$27 -> 0.084110954
B24: 전력제어 | C24: 21129287864 | D24: 21405858496 | E24: 23727187750 | F24: 14891677706 | H24: 전력제어 | I24: =C24/C$27 -> 0.039974473 | J24: =D24/D$27 -> 0.038517739 | K24: =E24/E$27 -> 0.040582027 | L24: =F24/F$27 -> 0.048998185
B25: RoomLamp | C25: 47717791608 | D25: 54174492386 | E25: 58437212647 | F25: 30531103326 | H25: RoomLamp | I25: =C25/C$27 -> 0.090277231 | J25: =D25/D$27 -> 0.097481675 | K25: =E25/E$27 -> 0.099948656 | L25: =F25/F$27 -> 0.10045669
B26: 부품사업팀 | C26: 4754087094 | D26: 9629636821 | E26: 12969500563 | F26: 5764099605 | H26: 부품사업팀 | I26: =C26/C$27 -> 0.0089942515 | J26: =D26/D$27 -> 0.017327585 | K26: =E26/E$27 -> 0.022182512 | L26: =F26/F$27 -> 0.018965655
B27: 합계 | C27: =SUM(C20:C26) -> 528569510350 | D27: =SUM(D20:D26) -> 555740268125 | E27: =SUM(E20:E26) -> 584672320904 | F27: =SUM(F20:F26) -> 303923046949
C29: =C10-C27 -> 0 | D29: =D10-D27 -> 0 | E29: =E10-E27 -> 0 | F29: =F10-F27 -> 0 | H29: HMC | I29: 스위치 | J29: Human Machine Interface (Switch, Lamp)
I30: RoomLamp
H31: BCS | I31: ECU | J31: Body Control System (Core BCM, ECU, Sensor, Converter, VESS 등)
I32: 전력제어
B33: Val_8,9 제품별 사업부별 매출액 | H33: MC | I33: 릴레이 | J33: Mechatronics Components (Relay, J/Box, ABS Coil & Housing, 환형터미널 등)
B34: 사업부별(그룹보고) 매출 | I34: BCS
C35: 2012년 | D35: 2013년 | E35: 2014년 | F35: 2015년 | I35: 부품사업팀
B36: 백만원 | C36: 12개월 | D36: 12개월 | E36: 12개월 | F36: 6개월
B37: HMC | C37: =C20+C25 -> 349368261452 | D37: =D20+D25 -> 383703631062 | E37: =E20+E25 -> 416255766137 | F37: =F20+F25 -> 220196261096 | H37: HMC | I37: =C37/C$40 -> 0.66096938 | J37: =D37/D$40 -> 0.69043698 | K37: =E37/E$40 -> 0.7119471 | L37: =F37/F$40 -> 0.72451321
B38: BCS | C38: =C23+C24 -> 64628911184 | D38: =D23+D24 -> 65472807519 | E38: =E23+E24 -> 72459146793 | F38: =F23+F24 -> 40454935148 | H38: BCS | I38: =C38/C$40 -> 0.12227136 | J38: =D38/D$40 -> 0.11781188 | K38: =E38/E$40 -> 0.12393121 | L38: =F38/F$40 -> 0.13310914
B39: MC | C39: =C21+C22+C26 -> 114572337714 | D39: =D21+D22+D26 -> 106563829544 | E39: =E21+E22+E26 -> 95957407974 | F39: =F21+F22+F26 -> 43271850705 | H39: MC | I39: =C39/C$40 -> 0.21675926 | J39: =D39/D$40 -> 0.19175114 | K39: =E39/E$40 -> 0.16412169 | L39: =F39/F$40 -> 0.14237765
B40: 합계 | C40: =SUM(C37:C39) -> 528569510350 | D40: =SUM(D37:D39) -> 555740268125 | E40: =SUM(E37:E39) -> 584672320904 | F40: =SUM(F37:F39) -> 303923046949
B44: FDD_12,13,18,19,20 2012년 ~ 22015년 6월 매출세부
B45: 매출세부
C46: 2012년 | D46: 2013년 | E46: 2014년 | F46: 2015년
B47: 백만원 | C47: 12개월 | D47: 12개월 | E47: 12개월 | F47: 6개월
B48: 제품매출 | C48: 519344538843 | D48: 528773112276 | E48: 536171328032 | F48: 279207198170
B49: 설비매출 | C49: 1495754873 | D49: 3714070648 | E49: 12641566864 | F49: 2924615380
B50: 기타매출 | C50: 7729216634 | D50: 15245418497 | E50: 23334266767 | F50: 13662165550
B51: 합계 | C51: =SUM(C48:C50) -> 528569510350 | D51: =SUM(D48:D50) -> 547732601421 | E51: =SUM(E48:E50) -> 572147161663 | F51: =SUM(F48:F50) -> 295793979100
C53: =C40-C51 -> 0 | D53: =D40-D51 -> 8007666704 | E53: =E40-E51 -> 12525159241 | F53: =F40-F51 -> 8129067849
B57: Val21_판매보증충당금_판보충계산
B58: 매출세부 | M58: 구분 | N58: 합계 | O58: 내수 | P58: 수출
C59: 2012년 | D59: 2013년 | E59: 2014년 | F59: 2015년 | M59: 2012년 상반기 | N59: 267074546103 | O59: 202054915751 | P59: 65019630352
B60: 백만원 | C60: 12개월 | D60: 12개월 | E60: 12개월 | F60: 6개월 | M60: 2012년 하반기 | N60: 261494964247 | O60: 188787548412 | P60: 72707415835
B61: 국내매출 | C61: =O59+O60 -> 390842464163 | D61: =O61+O62 -> 391741824950 | E61: =O63+O64 -> 388254019259 | F61: =O65 -> 199896783373 | G61: =C61/C$40 -> 0.73943437 | H61: =D61/D$40 -> 0.70490092 | I61: =E61/E$40 -> 0.66405404 | J61: =F61/F$40 -> 0.6577217 | M61: 2013년 상반기 | N61: 269720552925 | O61: 193856635405 | P61: 75863917520
B62: 해외매출 | C62: =P59+P60 -> 137727046187 | D62: =P61+P62 -> 163998443175 | E62: =P63+P64 -> 196418301645 | F62: =P65 -> 103438463009 | G62: =C62/C$40 -> 0.26056563 | H62: =D62/D$40 -> 0.29509908 | I62: =E62/E$40 -> 0.33594596 | J62: =F62/F$40 -> 0.34034426 | M62: 2013년 하반기 | N62: 286019715200 | O62: 197885189545 | P62: 88134525655
B63: 합계 | C63: =SUM(C61:C62) -> 528569510350 | D63: =SUM(D61:D62) -> 555740268125 | E63: =SUM(E61:E62) -> 584672320904 | F63: =SUM(F61:F62) -> 303335246382 | M63: 2014년 상반기 | N63: 293369433771 | O63: 200864894602 | P63: 92504539169
M64: 2014년 하반기 | N64: 291302887133 | O64: 187389124657 | P64: 103913762476
B65: 결산명세검증 | C65: =C10-C63 -> 0 | D65: =D10-D63 -> 0 | E65: =E10-E63 -> 0 | F65: =F10-F63 -> 587800567 | M65: 2015년 상반기 | N65: 303335246382 | O65: 199896783373 | P65: 103438463009
B68: FDD_12,13,18,19,20 2012년 ~ 22015년 6월 매출세부
B69: 매출세부
C70: 2012년 | D70: 2013년 | E70: 2014년 | F70: 2015년
B71: 백만원 | C71: 12개월 | D71: 12개월 | E71: 12개월 | F71: 6개월
B72: 국내고객 | C72: 389432794463 | D72: 382939223904 | E72: 374924699294 | F72: 191309174281
B73: 해외고객 | C73: 139168642187 | D73: 162701011517 | E73: 192691920369 | F73: 103115696819
B74: 기타 | C74: -31926300 | D74: 2092366000 | E74: 4530542000 | F74: 1369108000
B75: 합계 | C75: =SUM(C72:C74) -> 528569510350 | D75: =SUM(D72:D74) -> 547732601421 | E75: =SUM(E72:E74) -> 572147161663 | F75: =SUM(F72:F74) -> 295793979100
B77: 결산명세검증 | C77: =C10-C75 -> 0 | D77: =D10-D75 -> 8007666704 | E77: =E10-E75 -> 12525159241 | F77: =F10-F75 -> 8129067849
B79: 판매보증충당금차이 | C79: =C62-C73 -> -1441596000 | D79: =D62-D73 -> 1297431658 | E79: =E62-E73 -> 3726381276 | F79: =F62-F73 -> 322766190
B81: FDD_12,13,18,19,20 2012년 ~ 22015년 6월 매출세부(본사_해외고객)
B82: 매출세부
C83: 2012년 | D83: 2013년 | E83: 2014년 | F83: 2015년
B84: 백만원 | C84: 12개월 | D84: 12개월 | E84: 12개월 | F84: 6개월
B85: 해외고객 | C85: 92181634341 | D85: 102160392988 | E85: 112767894002 | F85: 60467430559

Sheet Sales_02거래처별
C2: 528569510350 | D2: 547732601421 | E2: 572147161663 | F2: 295793979100
B4: 거래처별 매출(전체매출)
C5: 2012년 | D5: 2013년 | E5: 2014년 | F5: 2015년 | M5: 고객그룹 | N5: 고객그룹명 | O5: 2012년 | P5: 2013년 | Q5: 2014년 | R5: 2015년
B6: 백만원 | C6: 12개월 | D6: 12개월 | E6: 12개월 | F6: 6개월 | G6: % | H6: % | I6: % | J6: % | M6: A0 | N6: 자동차부문 기타 | O6: 5508709041 | P6: 8515581627 | Q6: 7889004607 | R6: 3818383504
B7: 현대자동차 관련 | C7: =O7 -> 226488492053 | D7: =P7 -> 222456007150 | E7: =Q7 -> 233803514273 | F7: =R7 -> 120412738599 | G7: =C7/C$14 -> 0.4284933 | H7: =D7/D$14 -> 0.4061398 | I7: =E7/E$14 -> 0.40864227 | J7: =F7/F$14 -> 0.40708313 | M7: A1 | N7: 현대자동차 관련 | O7: 226488492053 | P7: 222456007150 | Q7: 233803514273 | R7: 120412738599
B8: 기아자동차 관련 | C8: =O8 -> 101397360511 | D8: =P8 -> 106029502497 | E8: =Q8 -> 101560396568 | F8: =R8 -> 57320939655 | G8: =C8/C$14 -> 0.19183354 | H8: =D8/D$14 -> 0.19357895 | I8: =E8/E$14 -> 0.17750747 | J8: =F8/F$14 -> 0.1937867 | M8: A2 | N8: 기아자동차 관련 | O8: 101397360511 | P8: 106029502497 | Q8: 101560396568 | R8: 57320939655
B9: NISSAN 관련 | C9: =O14 -> 25674509505 | D9: =P14 -> 33050176061 | E9: =Q14 -> 35291477347 | F9: =R14 -> 14856051259 | G9: =C9/C$14 -> 0.048573573 | H9: =D9/D$14 -> 0.060339983 | I9: =E9/E$14 -> 0.061682518 | J9: =F9/F$14 -> 0.050224319 | M9: A3 | N9: 지엠대우자동차 관련 | O9: 43177739121 | P9: 37811431903 | Q9: 26440528829 | R9: 10665394980
B10: 지엠대우자동차 관련 | C10: =O9 -> 43177739121 | D10: =P9 -> 37811431903 | E10: =Q9 -> 26440528829 | F10: =R9 -> 10665394980 | G10: =C10/C$14 -> 0.081687911 | H10: =D10/D$14 -> 0.069032648 | I10: =E10/E$14 -> 0.046212811 | J10: =F10/F$14 -> 0.036056836 | M10: A4 | N10: 쌍용자동차 관련 | O10: 8913209537 | P10: 10060946758 | Q10: 9667059616 | R10: 3854875318
B11: GM 관련 | C11: =O15 -> 20877198322 | D11: =P15 -> 18215477625 | E11: =Q15 -> 18362214442 | F11: =R15 -> 7457215514 | G11: =C11/C$14 -> 0.039497546 | H11: =D11/D$14 -> 0.03325615 | I11: =E11/E$14 -> 0.032093517 | J11: =F11/F$14 -> 0.025210843 | M11: A5 | N11: Delphi 관련 | O11: 21975881814 | P11: 18956356779 | Q11: 16396205041 | R11: 8739604405
B12: Delphi 관련 | C12: =O11 -> 21975881814 | D12: =P11 -> 18956356779 | E12: =Q11 -> 16396205041 | F12: =R11 -> 8739604405 | G12: =C12/C$14 -> 0.041576144 | H12: =D12/D$14 -> 0.034608779 | I12: =E12/E$14 -> 0.028657321 | J12: =F12/F$14 -> 0.029546255 | M12: A6 | N12: 르노삼성 관련 | O12: 54615984 | P12: 225730475 | Q12: 1394124046 | R12: 1368333135
B13: 기타 | C13: =C2-SUM(C7:C12) -> 88978329024 | D13: =D2-SUM(D7:D12) -> 111213649406 | E13: =E2-SUM(E7:E12) -> 140292825163 | F13: =F2-SUM(F7:F12) -> 76342034688 | G13: =C13/C$14 -> 0.16833799 | H13: =D13/D$14 -> 0.20304369 | I13: =E13/E$14 -> 0.24520409 | J13: =F13/F$14 -> 0.25809192 | M13: B0 | N13: 해외 기타 | O13: 7494278474 | P13: 12459329255 | Q13: 16620300913 | R13: 13568488058
B14: 합계 | C14: =SUM(C7:C13) -> 528569510350 | D14: =SUM(D7:D13) -> 547732601421 | E14: =SUM(E7:E13) -> 572147161663 | F14: =SUM(F7:F13) -> 295793979100 | G14: =C14/C$14 -> 1 | H14: =D14/D$14 -> 1 | I14: =E14/E$14 -> 1 | J14: =F14/F$14 -> 1 | M14: B1 | N14: NISSAN 관련 | O14: 25674509505 | P14: 33050176061 | Q14: 35291477347 | R14: 14856051259
B15: 해외법인 | C15: 47882786926 | D15: 65477299522 | E15: 82321303895 | F15: 42919585413 | M15: B2 | N15: GM 관련 | O15: 20877198322 | P15: 18215477625 | Q15: 18362214442 | R15: 7457215514
M16: B3 | N16: TATA 관련 | O16: 0 | P16: 0 | Q16: 0 | R16: 0
B17: 거래처별 제품군 필요 | E17: =D7-C7 -> -4032484903 | G17: =E7-D7 -> 11347507123 | M17: B6 | N17: 폭스바겐 | O17: 11622326291 | P17: 10095662285 | Q17: 9417488639 | R17: 3998207341
E18: =D8-C8 -> 4632141986 | G18: =E8-D8 -> -4469105929 | M18: B7 | N18: 크라이슬러 | O18: 181832467 | P18: 80618767 | Q18: 5953486055 | R18: 4419342035
B19: 현대기아차 비중 | C19: =SUM(C7:C8)/C14 -> 0.62032684 | E19: =SUM(D7:D8)/D14 -> 0.59971875 | G19: =SUM(E7:E8)/E14 -> 0.58614974 | I19: =SUM(F7:F8)/F14 -> 0.60086983 | M19: B9 | N19: 삼성전자 관련 | O19: 785686165 | P19: 675826348 | Q19: 481012856 | R19: 0
M20: C1 | N20: LG전자 관련 | O20: 214501753 | P20: 78442109 | Q20: -32582079 | R20: 299215434
M21: D1 | N21: 해외법인 관련 | O21: 47882786926 | P21: 65477299522 | Q21: 82321303895 | R21: 42919585413
M22: E0 | N22: 기타고객(전체) | O22: 4851180024 | P22: 1390418920 | Q22: 1932487888 | R22: 637966130
M23: F1 | N23: 유상사급 관련 | O23: 2538331 | Q23: 0 | R23: 0
N24: 미지정 | O24: 1466664031 | P24: 2153793340 | Q24: 4649138727 | R24: 1457638320
M25: 총계 | O25: 528569510350 | P25: 547732601421 | Q25: 572147161663 | R25: 295793979100
B27: 거래처 그룹별 매출(제품매출)
C28: 2012년 | D28: 2013년 | E28: 2014년 | F28: 2015년
B29: 백만원 | C29: 12개월 | D29: 12개월 | E29: 12개월 | F29: 6개월 | G29: % | H29: % | I29: % | J29: % | O29: 2012년 12개월 | P29: 2013년 12개월 | Q29: 2014년 12개월 | R29: 2015년 6개월
B30: 현대자동차 관련 | C30: 226488492053 | D30: 222456007150 | E30: 232291258213 | F30: 119407969167 | G30: =C30/C$37 -> 0.4361045 | H30: =D30/D$37 -> 0.42070219 | I30: =E30/E$37 -> 0.43324073 | J30: =F30/F$37 -> 0.42766795 | N30: 현대자동차 관련 | O30: 226488492053 | P30: 222456007150 | Q30: 233803514273 | R30: 120412738599
B31: 기아자동차 관련 | C31: 101397364194 | D31: 106029502497 | E31: 101560396568 | F31: 57320939655 | G31: =C31/C$37 -> 0.19524103 | H31: =D31/D$37 -> 0.20051984 | I31: =E31/E$37 -> 0.18941781 | J31: =F31/F$37 -> 0.20529893 | N31: 기아자동차 관련 | O31: 101397360511 | P31: 106029502497 | Q31: 101560396568 | R31: 57320939655
B32: 지엠대우자동차 관련 | C32: 43177739121 | D32: 37811431903 | E32: 26440528829 | F32: 10665394980 | G32: =C32/C$37 -> 0.08313891 | H32: =D32/D$37 -> 0.071507857 | I32: =E32/E$37 -> 0.049313582 | J32: =F32/F$37 -> 0.038198854 | N32: NISSAN 관련 | O32: 25674509505 | P32: 33050176061 | Q32: 35291477347 | R32: 14856051259
B33: NISSAN 관련 | C33: 25674509505 | D33: 33050176061 | E33: 35291477347 | F33: 14856051259 | G33: =C33/C$37 -> 0.049436371 | H33: =D33/D$37 -> 0.062503511 | I33: =E33/E$37 -> 0.065821269 | J33: =F33/F$37 -> 0.053207981 | N33: 지엠대우자동차 관련 | O33: 43177739121 | P33: 37811431903 | Q33: 26440528829 | R33: 10665394980
B34: GM 관련 | C34: 20877198322 | D34: 18215477625 | E34: 18362214442 | F34: 7457215514 | G34: =C34/C$37 -> 0.040199129 | H34: =D34/D$37 -> 0.03444857 | I34: =E34/E$37 -> 0.034246916 | J34: =F34/F$37 -> 0.026708536 | N34: GM 관련 | O34: 20877198322 | P34: 18215477625 | Q34: 18362214442 | R34: 7457215514
B35: Delphi 관련 | C35: 21975881814 | D35: 18956356779 | E35: 16396205041 | F35: 8739604405 | G35: =C35/C$37 -> 0.042314649 | H35: =D35/D$37 -> 0.035849699 | I35: =E35/E$37 -> 0.03058016 | J35: =F35/F$37 -> 0.031301501 | N35: Delphi 관련 | O35: 21975881814 | P35: 18956356779 | Q35: 16396205041 | R35: 8739604405
B36: 기타 | C36: =C37-SUM(C30:C35) -> 79753353834 | D36: =D37-SUM(D30:D35) -> 92254160261 | E36: =E37-SUM(E30:E35) -> 105829247592 | F36: =F37-SUM(F30:F35) -> 60760023190 | G36: =C36/C$37 -> 0.1535654 | H36: =D36/D$37 -> 0.17446833 | I36: =E36/E$37 -> 0.19737954 | J36: =F36/F$37 -> 0.21761625 | N36: 기타 | O36: =O25-SUM(O30:O35) -> 88978329024 | P36: =P25-SUM(P30:P35) -> 111213649406 | Q36: =Q25-SUM(Q30:Q35) -> 140292825163 | R36: =R25-SUM(R30:R35) -> 76342034688
B37: 합계 | C37: 519344538843 | D37: 528773112276 | E37: 536171328032 | F37: 279207198170 | G37: =C37/C$37 -> 1 | H37: =D37/D$37 -> 1 | I37: =E37/E$37 -> 1 | J37: =F37/F$37 -> 1 | N37: 현대기아차비중 | O37: =(O30+O31)/O40 -> 0.62032684 | P37: =(P30+P31)/P40 -> 0.59971875 | Q37: =(Q30+Q31)/Q40 -> 0.58614974 | R37: =(R30+R31)/R40 -> 0.60086983
B38: 해외법인 | C38: 40537018154 | D38: 48669974281 | E38: 52465265503 | F38: 28737903675
N40: 합계 | O40: =SUM(O30:O36) -> 528569510350 | P40: =SUM(P30:P36) -> 547732601421 | Q40: =SUM(Q30:Q36) -> 572147161663 | R40: =SUM(R30:R36) -> 295793979100

Sheet Sales_03자료간 차이
B2: 국내/해외
I3: =C9-I9 -> -1441596000 | J3: =D9-J9 -> -165160928 | K3: =E9-K9 -> 1074865
I4: =C10-I10 -> 1441596000 | J4: =D10-J10 -> 165160928 | K4: =E10-K10 -> -1074865
B5: 결산명세서 | H5: Val21_판매보증충당금_판보충계산 | N5: FDD_12,13,18,19,20 2012년 ~ 22015년 6월 매출세부
B6: 매출세부 | H6: 매출세부 | N6: 매출세부
C7: 2012년 | D7: 2013년 | E7: 2014년 | F7: 2015년 | I7: 2012년 | J7: 2013년 | K7: 2014년 | L7: 2015년 | O7: 2012년 | P7: 2013년 | Q7: 2014년 | R7: 2015년 | S7: 고객코드별로 해외고객과 국내고객 구분
B8: 백만원 | C8: 12개월 | D8: 12개월 | E8: 12개월 | F8: 6개월 | H8: 백만원 | I8: 12개월 | J8: 12개월 | K8: 12개월 | L8: 6개월 | N8: 백만원 | O8: 12개월 | P8: 12개월 | Q8: 12개월 | R8: 6개월
B9: 내수 | C9: =매출2012!E54 -> 389400868163 | D9: =매출2013!E54 -> 391576664022 | E9: =매출2014!E56 -> 388255094124 | F9: 미제공 | H9: 국내매출 | I9: 390842464163 | J9: 391741824950 | K9: 388254019259 | L9: 199896783373 | N9: 국내고객 | O9: 389432794463 | P9: 382939223904 | Q9: 374924699294 | R9: 191309174281
B10: 해외수출 | C10: =매출2012!E92 -> 139168642187 | D10: =매출2013!E90 -> 164163604103 | E10: =매출2014!E98 -> 196417226780 | F10: 미제공 | H10: 해외매출 | I10: 137727046187 | J10: 163998443175 | K10: 196418301645 | L10: 103438463009 | N10: 해외고객 | O10: 139168642187 | P10: 162701011517 | Q10: 192691920369 | R10: 103115696819
B11: 합계 | C11: =C9+C10 -> 528569510350 | D11: =D9+D10 -> 555740268125 | E11: =E9+E10 -> 584672320904 | H11: 합계 | I11: 528569510350 | J11: 555740268125 | K11: 584672320904 | L11: 303335246382 | N11: 기타 | O11: -31926300 | P11: 2092366000 | Q11: 4530542000 | R11: 1369108000 | S11: 파생상품
N12: 합계 | O12: 528569510350 | P12: 547732601421 | Q12: 572147161663 | R12: 295793979100
B13: 증감 | D13: =D9-C9 -> 2175795859 | E13: =E9-D9 -> -3321569898 | J13: =J9-I9 -> 899360787 | K13: =K9-J9 -> -3487805691 | L13: =L9*2-K9 -> 11539547487 | N13: 결산서상 매출과 일시불매출 및 용역과제매출 누락차이
D14: =D10-C10 -> 24994961916 | E14: =E10-D10 -> 32253622677 | J14: =J10-I10 -> 26271396988 | K14: =K10-J10 -> 32419858470 | L14: =L10*2-K10 -> 10458624373 | P14: =P9-O9 -> -6493570559 | Q14: =Q9-P9 -> -8014524610 | R14: =R9*2-Q9 -> 7693649268
P15: =P10-O10 -> 23532369330 | Q15: =Q10-P10 -> 29990908852 | R15: =R10*2-Q10 -> 13539473269
B16: 감사보고서 | P16: =P11-O11 -> 2124292300 | Q16: =Q11-P11 -> 2438176000 | R16: =R11*2-Q11 -> -1792326000
B17: Sales overview | H17: FDD_12,13,18,19,20 2012년 ~ 22015년 6월 매출세부(본사_해외고객)
C18: 2012년 | D18: 2013년 | E18: 2014년 | F18: 2015년 | H18: 매출세부
B19: 백만원 | C19: 12개월 | D19: 12개월 | E19: 12개월 | F19: 6개월 | I19: 2012년 | J19: 2013년 | K19: 2014년 | L19: 2015년
B20: 제품 | C20: 526517112721 | D20: 544246783298 | E20: 566780439272 | F20: 294177847835 | H20: 백만원 | I20: 12개월 | J20: 12개월 | K20: 12개월 | L20: 6개월
B21: 기타 | C21: 2052397629 | D21: 11493484827 | E21: 17891881632 | F21: 9745199114 | H21: 해외고객 | I21: 92181634341 | J21: 102160392988 | K21: 112767894002 | L21: 60467430559
B22: 합계 | C22: 528569510350 | D22: 555740268125 | E22: 584672320904 | F22: 303923046949
J23: =J21-I21 -> 9978758647 | K23: =K21-J21 -> 10607501014
B27: 사업부별
B29: 결산명세서
B30: 사업부별매출
C31: 2012년 | D31: 2013년 | E31: 2014년 | F31: 2015년
B32: 백만원 | C32: 12개월 | D32: 12개월 | E32: 12개월 | F32: 6개월 | H32: 2012년 | I32: 내수 | J32: 해외 | K32: 합계 | M32: 2013년 | N32: 내수 | O32: 해외 | P32: 합계 | R32: 2014년 | S32: 내수 | T32: 해외 | U32: 합계
B33: 스위치 | C33: =K33 -> 350878516578 | D33: =P33 -> 386528485968 | E33: =U33 -> 412472415850 | H33: 스위치 | I33: =매출2012!E16 -> 271089167229 | J33: =매출2012!E63 -> 79789349349 | K33: =I33+J33 -> 350878516578 | M33: 스위치 | N33: =매출2013!E16 -> 284655705741 | O33: =매출2013!E64 -> 101872780227 | P33: =N33+O33 -> 386528485968 | R33: 스위치 | S33: =매출2014!E16 -> 283778460040 | T33: =매출2014!E66 -> 128693955810 | U33: =S33+T33 -> 412472415850
B34: 릴레이 | C34: =K34 -> 66104665928 | D34: =P34 -> 63063271446 | E34: =U34 -> 54980088186 | H34: 릴레이 | I34: =매출2012!E24 -> 43211283198 | J34: =매출2012!E69 -> 22893382730 | K34: =I34+J34 -> 66104665928 | M34: 릴레이 | N34: =매출2013!E23 -> 35917871716 | O34: =매출2013!E70 -> 27145399730 | P34: =N34+O34 -> 63063271446 | R34: 릴레이 | S34: =매출2014!E24 -> 28986267464 | T34: =매출2014!E76 -> 25993820722 | U34: =S34+T34 -> 54980088186
B35: BCS | C35: =K35 -> 46842535195 | D35: =P35 -> 35057371589 | E35: =U35 -> 24015318039 | H35: BCS | I35: =매출2012!E31 -> 26708618200 | J35: =매출2012!E73 -> 20133916995 | K35: =I35+J35 -> 46842535195 | M35: BCS | N35: =매출2013!E30 -> 20448580950 | O35: =매출2013!E72 -> 14608790639 | P35: =N35+O35 -> 35057371589 | R35: BCS | S35: =매출2014!E27 -> 12285888116 | T35: =매출2014!E78 -> 11729429923 | U35: =S35+T35 -> 24015318039
B36: ECU | C36: =K36 -> 40175134997 | D36: =P36 -> 41249500449 | E36: =U36 -> 49123065754 | H36: ECU | I36: =매출2012!E42 -> 37926888573 | J36: =매출2012!E82 -> 2248246424 | K36: =I36+J36 -> 40175134997 | M36: ECU | N36: =매출2013!E42 -> 37337122016 | O36: =매출2013!E80 -> 3912378433 | P36: =N36+O36 -> 41249500449 | R36: ECU | S36: =매출2014!E43 -> 45261922610 | T36: =매출2014!E88 -> 3861143144 | U36: =S36+T36 -> 49123065754
B37: 전력제어 | C37: =K37 -> 20858169628 | D37: =P37 -> 21058119503 | E37: =U37 -> 23312452924 | H37: 전력제어 | I37: =매출2012!E45 -> 9402013971 | J37: =매출2012!E84 -> 11456155657 | K37: =I37+J37 -> 20858169628 | M37: 전력제어 | N37: =매출2013!E45 -> 10746176292 | O37: =매출2013!E82 -> 10311943211 | P37: =N37+O37 -> 21058119503 | R37: 전력제어 | S37: =매출2014!E46 -> 13170638262 | T37: =매출2014!E90 -> 10141814662 | U37: =S37+T37 -> 23312452924
B38: 부품사업 | C38: =K38 -> 3710488024 | D38: =P38 -> 8783519170 | E38: =U38 -> 20768980151 | H38: 부품사업 | I38: =매출2012!E47+매출2012!E53 -> 1062896992 | J38: =매출2012!E86+매출2012!E91 -> 2647591032 | K38: =I38+J38 -> 3710488024 | M38: 부품사업 | N38: =매출2013!E48+매출2013!E53 -> 2471207307 | O38: =매출2013!E84+매출2013!E89 -> 6312311863 | P38: =N38+O38 -> 8783519170 | R38: 부품사업 | S38: =매출2014!E49+매출2014!E55 -> 4771917632 | T38: =매출2014!E92+매출2014!E97 -> 15997062519 | U38: =S38+T38 -> 20768980151
B39: 합계 | C39: =SUM(C33:C38) -> 528569510350 | D39: =SUM(D33:D38) -> 555740268125 | E39: =SUM(E33:E38) -> 584672320904 | F39: =SUM(F33:F38) -> 0 | H39: 합계 | I39: =SUM(I33:I38) -> 389400868163 | J39: =SUM(J33:J38) -> 139168642187 | K39: =I39+J39 -> 528569510350 | M39: 합계 | N39: =SUM(N33:N38) -> 391576664022 | O39: =SUM(O33:O38) -> 164163604103 | P39: =N39+O39 -> 555740268125 | R39: 합계 | S39: =SUM(S33:S38) -> 388255094124 | T39: =SUM(T33:T38) -> 196417226780 | U39: =S39+T39 -> 584672320904
K40: =I40+J40 -> 0
B43: Val_8,9 제품별 사업부별 매출액
B44: 사업부별(내부보고) 매출
C45: 2012년 | D45: 2013년 | E45: 2014년 | F45: 2015년
B46: 백만원 | C46: 12개월 | D46: 12개월 | E46: 12개월 | F46: 6개월 | H46: 차이 | I46: 2012년 | J46: 2013년 | K46: 2014년 | L46: 2015년
B47: 스위치 | C47: 301650469844 | D47: 329529138676 | E47: 357818553490 | F47: 189665157770 | H47: 스위치 | I47: =C33-SUM(C47:C48) -> 1510255126 | J47: =D33-SUM(D47:D48) -> 2824854906 | K47: =E33-SUM(E47:E48) -> -3783350287
B48: RoomLamp | C48: 47717791608 | D48: 54174492386 | E48: 58437212647 | F48: 30531103326 | H48: 릴레이 | I48: =C34-C49 -> -3544815232 | J48: =D34-D49 -> -484435261 | K48: =E34-E49 -> -1046679952
B49: 릴레이 | C49: 69649481160 | D49: 63547706707 | E49: 56026768138 | F49: 27146825614 | H49: BCS | I49: =C35-C50 -> 6673765735 | J49: =D35-D50 -> 1670885573 | K49: =E35-E50 -> -2945821234
B50: BCS | C50: 40168769460 | D50: 33386486016 | E50: 26961139273 | F50: 10360925486 | H50: ECU | I50: =C36-C51 -> -3324488323 | J50: =D36-D51 -> -2817448574 | K50: =E36-E51 -> 391106711
B51: ECU | C51: 43499623320 | D51: 44066949023 | E51: 48731959043 | F51: 25563257442 | H51: 전력제어 | I51: =C37-C52 -> -271118236 | J51: =D37-D52 -> -347738993 | K51: =E37-E52 -> -414734826
B52: 전력제어 | C52: 21129287864 | D52: 21405858496 | E52: 23727187750 | F52: 14891677706 | H52: 부품사업 | I52: =C38-C53 -> -1043599070 | J52: =D38-D53 -> -846117651 | K52: =E38-E53 -> 7799479588
B53: 부품사업팀 | C53: 4754087094 | D53: 9629636821 | E53: 12969500563 | F53: 5764099605
B54: 합계 | C54: 528569510350 | D54: 555740268125 | E54: 584672320904 | F54: 303923046949
B61: 유형별
B63: FDD_12,13,18,19,20 2012년 ~ 22015년 6월 매출세부
B64: 매출세부 | I64: 매출세부
C65: 2012년 | D65: 2013년 | E65: 2014년 | F65: 2015년 | J65: 2012년 | K65: 2013년 | L65: 2014년 | M65: 2015년
B66: 백만원 | C66: 12개월 | D66: 12개월 | E66: 12개월 | F66: 6개월 | I66: 백만원 | J66: 12개월 | K66: 12개월 | L66: 12개월 | M66: 6개월
B67: 제품매출 | C67: 519344538843 | D67: 528773112276 | E67: 536171328032 | F67: 279207198170 | I67: 국내고객 | J67: 389432794463 | K67: 382939223904 | L67: 374924699294 | M67: 191309174281
B68: 설비매출 | C68: 1495754873 | D68: 3714070648 | E68: 12641566864 | F68: 2924615380 | I68: 해외고객 | J68: 139168642187 | K68: 162701011517 | L68: 192691920369 | M68: 103115696819
B69: 기타매출 | C69: 7729216634 | D69: 15245418497 | E69: 23334266767 | F69: 13662165550 | I69: 기타 | J69: -31926300 | K69: 2092366000 | L69: 4530542000 | M69: 1369108000
B70: 합계 | C70: 528569510350 | D70: 547732601421 | E70: 572147161663 | F70: 295793979100 | I70: 합계 | J70: 528569510350 | K70: 547732601421 | L70: 572147161663 | M70: 295793979100
B72: 일시불매출 및 용역과제매출 누락차이 | C72: =C11-C70 -> 0 | D72: =D11-D70 -> 8007666704 | E72: =E11-E70 -> 12525159241 | F72: =L84-F70 -> 8129067849 | I72: 일시불매출 및 용역과제매출 누락차이 | J72: =C11-J70 -> 0 | K72: =D11-K70 -> 8007666704 | L72: =E11-L70 -> 12525159241
B75: 설비매출 | C75: 금형 및 설비매출 사업별 매출에서 부품사업팀으로 분류/ 거래처로는 해외법인 및 현대모터스인도 등
B76: 기타매출 | C76: 파생상품/기타(원자재)/기타(부품)/
B78: Val_8,9 제품별 사업부별 매출액 | H78: 감사보고서
B79: 매출세부 | H79: Sales overview
C80: 2012년 | D80: 2013년 | E80: 2014년 | F80: 2015년 | I80: 2012년 | J80: 2013년 | K80: 2014년 | L80: 2015년
B81: 백만원 | C81: 12개월 | D81: 12개월 | E81: 12개월 | F81: 6개월 | H81: 백만원 | I81: 12개월 | J81: 12개월 | K81: 12개월 | L81: 6개월
B82: 제품매출 | C82: 519344538843 | D82: 528773112276 | E82: 536171328032 | F82: 279207198170 | H82: 제품 | I82: 526517112721 | J82: 544246783298 | K82: 566780439272 | L82: 294177847835
B83: 설비매출 | C83: 1495754873 | D83: 3714070648 | E83: 12641566864 | F83: 2924615380 | H83: 기타 | I83: 2052397629 | J83: 11493484827 | K83: 17891881632 | L83: 9745199114 | M83: 파생, 샘플, 일시불, 용역과제
B84: 일시불매출 | C84: 0 | D84: 6868222586 | E84: 11094937572 | F84: 3631721911 | G84: 2012년 기타수익 | H84: 합계 | I84: 528569510350 | J84: 555740268125 | K84: 584672320904 | L84: 303923046949
B85: 용역과제매출 | C85: 0 | D85: 1139444118 | E85: 1430221669 | F85: 176840000
B86: 자회사로열티매출 | C86: 0 | D86: 0 | E86: 0 | F86: 4320505938 | G86: 2012~2014 기타수익으로 계상
B87: 기타매출 | C87: 7729216634 | D87: 15245418497 | E87: 23334266767 | F87: 13662165550
B88: 합계 | C88: =SUM(C82:C87) -> 528569510350 | D88: =SUM(D82:D87) -> 555740268125 | E88: =SUM(E82:E87) -> 584672320904 | F88: =SUM(F82:F87) -> 303923046949 | I88: =I82-SUM(C82:C86) -> 5676819005 | J88: =J82-SUM(D82:D86) -> 3751933670 | K88: =K82-SUM(E82:E86) -> 5442385135 | L88: =L82-SUM(F82:F86) -> 3916966436
H90: 기타매출
B91: 기타매출 | C91: =C92+C93 -> 2149241677 | D91: =D92+D93 -> 4731804119 | E91: =E92+E93 -> 7953397154 | H91: 일시불매출 | I91: =C84 -> 0 | J91: =D84 -> 6868222586 | K91: =E84 -> 11094937572 | L91: =F84 -> 3631721911
B92: 파생 | C92: -31926300 | D92: 2092366000 | E92: 4530542000 | F92: 1369108000 | H92: 용역과제매출 | I92: =C85 -> 0 | J92: =D85 -> 1139444118 | K92: =E85 -> 1430221669 | L92: =F85 -> 176840000
B93: 원자재/부품 | C93: =SUM(C94:C97) -> 2181167977 | D93: =SUM(D94:D97) -> 2639438119 | E93: =SUM(E94:E97) -> 3422855154 | F93: =SUM(F94:F97) -> 0 | H93: 파생상품 | I93: =C92 -> -31926300 | J93: =D92 -> 2092366000 | K93: =E92 -> 4530542000 | L93: =F92 -> 1369108000
B94: 원자재(내수) | C94: 196675494 | D94: 7535341 | E94: 8056026 | H94: 샘플 | I94: =I83-SUM(I91:I93) -> 2084323929 | J94: =J83-SUM(J91:J93) -> 1393452123 | K94: =K83-SUM(K91:K93) -> 836180391 | L94: =L83-SUM(L91:L93) -> 4567529203
B95: 부품(내수) | C95: 777126284 | D95: 35165000 | E95: 14136550
B96: 원자재(해외) | C96: 1112329838 | D96: 2458022184 | E96: 3393558686
B97: 부품(해외) | C97: 95036361 | D97: 138715594 | E97: 7103892
B98: 기타의기타 | C98: =C87-C91 -> 5579974957 | D98: =D87-D91 -> 10513614378 | E98: =E87-E91 -> 15380869613
I99: =C84+C85+C92-I83 -> -2084323929 | J99: =D84+D85+D92-J83 -> -1393452123 | K99: =E84+E85+E92-K83 -> -836180391
C100: -31926300 | D100: 2092366000 | E100: 4530542000 | F100: 1369108000

Sheet Sales_04사업부별
B1: Val_8,9 제품별 사업부별 매출액
B2: 사업부별 매출액
C3: 2012년 | D3: 2013년 | E3: 2014년 | F3: 2015년 | I3: 2012년 | J3: 2013년 | K3: 2014년 | L3: 2015년 | O3: 2012년 | P3: 2013년 | Q3: 2014년 | R3: 2015년
B4: 백만원 | C4: 12개월 | D4: 12개월 | E4: 12개월 | F4: 6개월 | H4: 매출액비중 | I4: 2012년 | J4: 2013년 | K4: 2014년 | L4: 2015년 | N4: 매출액증감 | O4: 2012년 | P4: 2013년 | Q4: 2014년 | R4: 2015년
B5: 스위치 | C5: 301650469844 | D5: 329529138676 | E5: 357818553490 | F5: 189665157770 | H5: 스위치 | I5: =C5/C$12 -> 0.57069215 | J5: =D5/D$12 -> 0.5929553 | K5: =E5/E$12 -> 0.61199845 | L5: =F5/F$12 -> 0.62405652 | N5: 스위치 | P5: =D5-C5 -> 27878668832 | Q5: =E5-D5 -> 28289414814 | R5: =F5*2-E5 -> 21511762050
B6: 릴레이 | C6: 69649481160 | D6: 63547706707 | E6: 56026768138 | F6: 27146825614 | H6: 릴레이 | I6: =C6/C$12 -> 0.13176977 | J6: =D6/D$12 -> 0.11434785 | K6: =E6/E$12 -> 0.095825929 | L6: =F6/F$12 -> 0.089321379 | N6: 릴레이 | P6: =D6-C6 -> -6101774453 | Q6: =E6-D6 -> -7520938569 | R6: =F6*2-E6 -> -1733116910
B7: BCS | C7: 40168769460 | D7: 33386486016 | E7: 26961139273 | F7: 10360925486 | H7: BCS | I7: =C7/C$12 -> 0.075995245 | J7: =D7/D$12 -> 0.060075701 | K7: =E7/E$12 -> 0.046113247 | L7: =F7/F$12 -> 0.034090621 | N7: BCS | P7: =D7-C7 -> -6782283444 | Q7: =E7-D7 -> -6425346743 | R7: =F7*2-E7 -> -6239288301
B8: ECU | C8: 43499623320 | D8: 44066949023 | E8: 48731959043 | F8: 25563257442 | H8: ECU | I8: =C8/C$12 -> 0.082296883 | J8: =D8/D$12 -> 0.079294144 | K8: =E8/E$12 -> 0.083349181 | L8: =F8/F$12 -> 0.084110954 | N8: ECU | P8: =D8-C8 -> 567325703 | Q8: =E8-D8 -> 4665010020 | R8: =F8*2-E8 -> 2394555841
B9: 전력제어 | C9: 21129287864 | D9: 21405858496 | E9: 23727187750 | F9: 14891677706 | H9: 전력제어 | I9: =C9/C$12 -> 0.039974473 | J9: =D9/D$12 -> 0.038517739 | K9: =E9/E$12 -> 0.040582027 | L9: =F9/F$12 -> 0.048998185 | N9: 전력제어 | P9: =D9-C9 -> 276570632 | Q9: =E9-D9 -> 2321329254 | R9: =F9*2-E9 -> 6056167662
B10: Roomlamp | C10: 47717791608 | D10: 54174492386 | E10: 58437212647 | F10: 30531103326 | H10: Roomlamp | I10: =C10/C$12 -> 0.090277231 | J10: =D10/D$12 -> 0.097481675 | K10: =E10/E$12 -> 0.099948656 | L10: =F10/F$12 -> 0.10045669 | N10: Roomlamp | P10: =D10-C10 -> 6456700778 | Q10: =E10-D10 -> 4262720261 | R10: =F10*2-E10 -> 2624994005
B11: 부품사업 | C11: 4754087094 | D11: 9629636821 | E11: 12969500563 | F11: 5764099605 | H11: 부품사업 | I11: =C11/C$12 -> 0.0089942515 | J11: =D11/D$12 -> 0.017327585 | K11: =E11/E$12 -> 0.022182512 | L11: =F11/F$12 -> 0.018965655 | N11: 부품사업 | P11: =D11-C11 -> 4875549727 | Q11: =E11-D11 -> 3339863742 | R11: =F11*2-E11 -> -1441301353
B12: 합계 | C12: =SUM(C5:C11) -> 528569510350 | D12: =SUM(D5:D11) -> 555740268125 | E12: =SUM(E5:E11) -> 584672320904 | F12: =SUM(F5:F11) -> 303923046949
B14: Val_8,9 제품별 사업부별 매출액
B15: 사업부별(그룹보고) 매출
C16: 2012년 | D16: 2013년 | E16: 2014년 | F16: 2015년 | H16: ` | I16: 2012년 | J16: 2013년 | K16: 2014년 | L16: 2015년 | N16: ` | O16: 2012년 | P16: 2013년 | Q16: 2014년 | R16: 2015년
B17: 백만원 | C17: 12개월 | D17: 12개월 | E17: 12개월 | F17: 6개월 | H17: 매출액비중 | I17: 2012년 | J17: 2013년 | K17: 2014년 | L17: 2015년 | N17: 매출액비중 | O17: 2012년 | P17: 2013년 | Q17: 2014년 | R17: 2015년
B18: HMI | C18: 349368261452 | D18: 383703631062 | E18: 416255766137 | F18: 220196261096 | H18: HMI | I18: =C18/C$21 -> 0.66096938 | J18: =D18/D$21 -> 0.69043698 | K18: =E18/E$21 -> 0.7119471 | L18: =F18/F$21 -> 0.72451321 | M18: 스위치 매출의 증가 | N18: HMC | P18: =D18-C18 -> 34335369610 | Q18: =E18-D18 -> 32552135075 | R18: =F18*2-E18 -> 24136756055
B19: BCS | C19: 64628911184 | D19: 65472807519 | E19: 72459146793 | F19: 40454935148 | H19: BCS | I19: =C19/C$21 -> 0.12227136 | J19: =D19/D$21 -> 0.11781188 | K19: =E19/E$21 -> 0.12393121 | L19: =F19/F$21 -> 0.13310914 | M19: ECU 전력제어 증가 | N19: BCS | P19: =D19-C19 -> 843896335 | Q19: =E19-D19 -> 6986339274 | R19: =F19*2-E19 -> 8450723503
B20: MC | C20: 114572337714 | D20: 106563829544 | E20: 95957407974 | F20: 43271850705 | H20: MC | I20: =C20/C$21 -> 0.21675926 | J20: =D20/D$21 -> 0.19175114 | K20: =E20/E$21 -> 0.16412169 | L20: =F20/F$21 -> 0.14237765 | M20: 릴레이 매출의 감소, | N20: MC | P20: =D20-C20 -> -8008508170 | Q20: =E20-D20 -> -10606421570 | R20: =F20*2-E20 -> -9413706564
B21: 합계 | C21: =SUM(C18:C20) -> 528569510350 | D21: =SUM(D18:D20) -> 555740268125 | E21: =SUM(E18:E20) -> 584672320904 | F21: =SUM(F18:F20) -> 303923046949
B31: Val_8,9 제품별 사업부별 매출액
B32: 사업부별 제품매출액
C33: 2012년 | D33: 2013년 | E33: 2014년 | F33: 2015년 | I33: 2012년 | J33: 2013년 | K33: 2014년 | L33: 2015년
B34: 백만원 | C34: 12개월 | D34: 12개월 | E34: 12개월 | F34: 6개월 | H34: 매출액비중 | I34: 2012년 | J34: 2013년 | K34: 2014년 | L34: 2015년
B35: 스위치 | C35: 296691633563 | D35: 317822974827 | E35: 329054293426 | F35: 174195511512 | H35: 스위치 | I35: =C35/C$42 -> 0.57128093 | J35: =D35/D$42 -> 0.60105737 | K35: =E35/E$42 -> 0.6137111 | L35: =F35/F$42 -> 0.62389334
B36: 릴레이 | C36: 69793328452 | D36: 62770593661 | E36: 54726687904 | F36: 26891171748 | H36: 릴레이 | I36: =C36/C$42 -> 0.13438733 | J36: =D36/D$42 -> 0.11870988 | K36: =E36/E$42 -> 0.1020694 | L36: =F36/F$42 -> 0.096312602
B37: BCS | C37: 39771393460 | D37: 32162937072 | E37: 22998719481 | F37: 9749865860 | H37: BCS | I37: =C37/C$42 -> 0.076579978 | J37: =D37/D$42 -> 0.060825591 | K37: =E37/E$42 -> 0.042894348 | L37: =F37/F$42 -> 0.034919823
B38: ECU | C38: 43418777428 | D38: 42307741487 | E38: 47816948703 | F38: 24345319543 | H38: ECU | I38: =C38/C$42 -> 0.083603031 | J38: =D38/D$42 -> 0.080011144 | K38: =E38/E$42 -> 0.089182219 | L38: =F38/F$42 -> 0.087194455
B39: 전력제어 | C39: 20767223864 | D39: 21064695432 | E39: 23077848703 | F39: 14201251235 | H39: 전력제어 | I39: =C39/C$42 -> 0.039987373 | J39: =D39/D$42 -> 0.039836926 | K39: =E39/E$42 -> 0.04304193 | L39: =F39/F$42 -> 0.050862769
B40: Roomlamp | C40: 47711967609 | D40: 52294228059 | E40: 57857539144 | F40: 29633582018 | H40: Roomlamp | I40: =C40/C$42 -> 0.091869586 | J40: =D40/D$42 -> 0.09889729 | K40: =E40/E$42 -> 0.10790868 | L40: =F40/F$42 -> 0.10613474
B41: 부품사업 | C41: 1190214467 | D41: 349941738 | E41: 639290671 | F41: 190496254 | H41: 부품사업 | I41: =C41/C$42 -> 0.0022917627 | J41: =D41/D$42 -> 0.00066179942 | K41: =E41/E$42 -> 0.0011923254 | L41: =F41/F$42 -> 0.00068227558
B42: 합계 | C42: =SUM(C35:C41) -> 519344538843 | D42: =SUM(D35:D41) -> 528773112276 | E42: =SUM(E35:E41) -> 536171328032 | F42: =SUM(F35:F41) -> 279207198170
B44: 전체매출액비중 | C44: =C42/C12 -> 0.98254729 | D44: =D42/D12 -> 0.95147525 | E44: =E42/E12 -> 0.91704585 | F44: =F42/F12 -> 0.91867728
B47: Val_8,9 제품별 사업부별 매출액
B48: 사업부별 매출수량
C49: 2012년 | D49: 2013년 | E49: 2014년 | F49: 2015년
B50: 천개 | C50: 12개월 | D50: 12개월 | E50: 12개월 | F50: 6개월 | I50: 2012년 | J50: 2013년 | K50: 2014년 | L50: 2015년
B51: 스위치 | C51: 427220840 | D51: 412124532 | E51: 467000938 | F51: 282652547 | H51: 스위치 | I51: 427220840 | J51: 412124532 | K51: 467000938 | L51: 282652547
B52: 릴레이 | C52: 173003594 | D52: 168959390 | E52: 129588031 | F52: 61046236 | H52: 릴레이 | I52: 173003594 | J52: 168959390 | K52: 129588031 | L52: 61046236
B53: BCS | C53: 25638111 | D53: 26568581 | E53: 20630669 | F53: 12633454 | H53: BCS | I53: 25638111 | J53: 26568581 | K53: 20630669 | L53: 12633454
B54: ECU | C54: 6756172 | D54: 11367487 | E54: 8385809 | F54: 5279566 | H54: ECU | I54: 6756172 | J54: 11367487 | K54: 8385809 | L54: 5279566
B55: 전력제어 | C55: 834513 | D55: 900638 | E55: 1278158 | F55: 4475007 | H55: 전력제어 | I55: 834513 | J55: 900638 | K55: 1278158 | L55: 4475007
B56: Roomlamp | C56: 12987815 | D56: 13146796 | E56: 13878612 | F56: 7431203 | H56: Roomlamp | I56: 12987815 | J56: 13146796 | K56: 13878612 | L56: 7431203
B57: 부품사업 | C57: 710264325 | D57: 1260177460 | E57: 1483819912 | F57: 921350000 | H57: 부품사업 | I57: 710264325 | J57: 1260177460 | K57: 1483819912 | L57: 921350000
B58: 합계 | C58: =SUM(C51:C57) -> 1356705370 | D58: =SUM(D51:D57) -> 1893244884 | E58: =SUM(E51:E57) -> 2124582129 | F58: =SUM(F51:F57) -> 1294868013
C60: =SUM(Sales_06월별!C5:N5) -> 1356705370 | D60: =SUM(Sales_06월별!O5:Z5) -> 1893244884 | E60: =SUM(Sales_06월별!AA5:AL5) -> 2124582129 | F60: =SUM(Sales_06월별!AM5:AR5) -> 1294868013
B65: Val_8,9 제품별 사업부별 매출액
B66: 사업부별 ASP
C67: 2012년 | D67: 2013년 | E67: 2014년 | F67: 2015년
B68: 원 | C68: 12개월 | D68: 12개월 | E68: 12개월 | F68: 6개월
B69: 스위치 | C69: =C35/C51 -> 694.46901 | D69: =D35/D51 -> 771.18189 | E69: =E35/E51 -> 704.61163 | F69: =F35/F51 -> 616.28849
B70: 릴레이 | C70: =C36/C52 -> 403.42126 | D70: =D36/D52 -> 371.5129 | E70: =E36/E52 -> 422.31283 | F70: =F36/F52 -> 440.50499
B71: BCS | C71: =C37/C53 -> 1551.2607 | D71: =D37/D53 -> 1210.5628 | E71: =E37/E53 -> 1114.783 | F71: =F37/F53 -> 771.74982
B72: ECU | C72: =C38/C54 -> 6426.5352 | D72: =D38/D54 -> 3721.8201 | E72: =E38/E54 -> 5702.1271 | F72: =F38/F54 -> 4611.235
B73: 전력제어 | C73: =C39/C55 -> 24885.441 | D73: =D39/D55 -> 23388.637 | E73: =E39/E55 -> 18055.552 | F73: =F39/F55 -> 3173.459
B74: Roomlamp | C74: =C40/C56 -> 3673.5946 | D74: =D40/D56 -> 3977.7166 | E74: =E40/E56 -> 4168.8275 | F74: =F40/F56 -> 3987.7234
B75: 부품사업 | C75: =C41/C57 -> 1.6757345 | D75: =D41/D57 -> 0.27769243 | E75: =E41/E57 -> 0.43084115 | F75: =F41/F57 -> 0.20675775
B81: 스위치사업부 | C81: 2012년 | D81: 2013년 | E81: 2014년 | F81: 2015년
B82: 매출액 | C82: =C35 -> 296691633563 | D82: =D35 -> 317822974827 | E82: =E35 -> 329054293426 | F82: =F35 -> 174195511512
B83: 수량 | C83: =C51 -> 427220840 | D83: =D51 -> 412124532 | E83: =E51 -> 467000938 | F83: =F51 -> 282652547
B84: ASP | C84: =C82/C83 -> 694.46901 | D84: =D82/D83 -> 771.18189 | E84: =E82/E83 -> 704.61163 | F84: =F82/F83 -> 616.28849
B89: 매출 분석
B91: 백만원 | C91: 2012년 | D91: 2013년 | E91: 2014년
B92: 매출액 | C92: =C82 -> 296691633563 | D92: =D82 -> 317822974827 | E92: =E82 -> 329054293426 | G92: =D92-C92 -> 21131341264 | H92: =E92-D92 -> 11231318599 | J92: 단가 | K92: =D93*(D94-C94) -> 3.8537813e+10 | L92: =C93*(D94-C94) -> 3.994947e+10 | M92: =E93*(E94-D94) -> -1.5589009e+10 | N92: =D93*(E94-D94) -> -1.3757174e+10
B93: 수량 | C93: 427220840 | D93: 412124532 | E93: 467000938 | J93: 수량 | K93: =D94*(D93-C93) -> -1.2070801e+10 | L93: =C94*(D93-C93) -> -1.0659144e+10 | M93: =E94*(E93-D93) -> 4.2046588e+10 | N93: =D94*(E93-D93) -> 4.3878424e+10
B94: 단가 | C94: 706.07621 | D94: 799.58632 | E94: 766.20521
C95: =C94*C93 -> 301650469844 | D95: =D94*D93 -> 329529138676 | E95: =E94*E93 -> 357818553490
C96: =C92-C95 -> -4958836281 | D96: =D92-D95 -> -11706163849 | E96: =E92-E95 -> -28764260064
B98: 2012년 스위치매출 | C98: =C92 -> 296691633563 | F98: =C98 -> 296691633563
B99: 단가 | C99: =MIN(F98,F99) -> 296691633563 | D99: =ABS(E99) -> 3.8537813e+10 | E99: =K92 -> 3.8537813e+10 | F99: =F98+E99 -> 3.3522945e+11
B100: 수량 | C100: =MIN(F99,F100) -> 324570302395 | D100: =ABS(E100) -> 1.0659144e+10 | E100: =L93 -> -1.0659144e+10 | F100: =F99+E100 -> 324570302395
B101: 2013년 스위치매출 | C101: =C98+SUM(E99:E100) -> 324570302395 | F101: =F100+E101 -> 324570302395
B102: 단가 | C102: =MIN(F101,F102) -> 3.0898129e+11 | D102: =ABS(E102) -> 1.5589009e+10 | E102: =M92 -> -1.5589009e+10 | F102: =F101+E102 -> 3.0898129e+11
B103: 수량 | C103: =MIN(F102,F103) -> 3.0898129e+11 | D103: =ABS(E103) -> 4.3878424e+10 | E103: =N93 -> 4.3878424e+10 | F103: =F102+E103 -> 352859717209
B104: 2014년 스위치매출 | C104: =C101+SUM(E102:E103) -> 352859717209 | F104: =F103+E104 -> 352859717209
B115: 스위치사업부 주요 제품군 매출구성
C116: 2012년 | D116: 2013년 | E116: 2014년 | H116: 결산보고서
B117: 백만원 | C117: 12개월 | D117: 12개월 | E117: 12개월 | H117: 2012 | L117: 2013 | P117: 2014
B118: Power Window Switch | C118: =SUM(C119:C120) -> 87836612366 | D118: =SUM(D119:D120) -> 93272805629 | E118: =SUM(E119:E120) -> 103453997238 | H118: 내수 | I118: 수량 | J118: 매출 | K118: 단가 | L118: 내수 | M118: 수량 | N118: 매출 | O118: 단가 | P118: 내수 | Q118: 수량 | R118: 매출 | S118: 단가
B119: 내수 | C119: =J119 -> 69285314580 | D119: =N119 -> 74257129163 | E119: =R119 -> 77304936133 | H119: Switch-P/W | I119: 15516608 | J119: 69285314580 | K119: =J119/I119 -> 4465.2359 | L119: Power Window Switch | M119: 17241831 | N119: 74257129163 | O119: =N119/M119 -> 4306.8007 | P119: Power Window Switch | Q119: 14682298 | R119: 77304936133 | S119: =R119/Q119 -> 5265.1796
B120: 해외 | C120: =J130 -> 18551297786 | D120: =N130 -> 19015676466 | E120: =R130 -> 26149061105 | H120: Switch-IP | I120: 24640227 | J120: 50021114779 | K120: =J120/I120 -> 2030.059 | L120: In Panel Switch | M120: 23974392 | N120: 50714691737 | O120: =N120/M120 -> 2115.3693 | P120: In Panel Switch | Q120: 21739980 | R120: 55715484860 | S120: =R120/Q120 -> 2562.8121
B121: In Panel Switch | C121: =SUM(C122:C123) -> 84540915925 | D121: =SUM(D122:D123) -> 95432865231 | E121: =SUM(E122:E123) -> 110089999301 | H121: Switch-M/F | I121: 7137554 | J121: 48001462591 | K121: =J121/I121 -> 6725.1978 | L121: Muti Function Switch | M121: 7342293 | N121: 43722410516 | O121: =N121/M121 -> 5954.8714 | P121: Muti Function Switch | Q121: 6861427 | R121: 42790382752 | S121: =R121/Q121 -> 6236.3679
B122: 내수 | C122: =J120 -> 50021114779 | D122: =N120 -> 50714691737 | E122: =R120 -> 55715484860 | H122: 내장 Room Lamp | I122: 11723980 | J122: 44429056993 | K122: =J122/I122 -> 3789.5883 | L122: Interior Lamp | M122: 11714696 | N122: 50476459696 | O122: =N122/M122 -> 4308.8152 | P122: Interior Lamp | Q122: 12227198 | R122: 54299390077 | S122: =R122/Q122 -> 4440.8695
B123: 해외 | C123: =J131 -> 34519801146 | D123: =N131 -> 44718173494 | E123: =R131 -> 54374514441 | H123: Remocon 스위치 | I123: 6689981 | J123: 33308206605 | K123: =J123/I123 -> 4978.8193 | L123: Remocon Switch | M123: 6475561 | N123: 38991641762 | O123: =N123/M123 -> 6021.3535 | P123: Remocon Switch | Q123: 5650329 | R123: 35095350293 | S123: =R123/Q123 -> 6211.2047
B124: Muti Function Switch | C124: =SUM(C125:C126) -> 62016634590 | D124: =SUM(D125:D126) -> 64365989374 | E124: =SUM(E125:E126) -> 70731291451 | H124: Switch-IH | I124: 5408289 | J124: 20525008102 | K124: =J124/I124 -> 3795.1019 | L124: Inhibitor Switch | M124: 4911129 | N124: 23011950358 | O124: =N124/M124 -> 4685.6742 | P124: Inhibitor Switch | Q124: 2982876 | R124: 16778628079 | S124: =R124/Q124 -> 5624.9834
B125: 내수 | C125: =J121 -> 48001462591 | D125: =N121 -> 43722410516 | E125: =R121 -> 42790382752 | H125: Gear Shift | I125: 3782 | J125: 451683356 | K125: =J125/I125 -> 119429.76 | L125: Gear Shift Module | M125: 196 | N125: 34294026 | O125: =N125/M125 -> 174969.52 | P125: General Switch | Q125: 1959760 | R125: 1073865459 | S125: =R125/Q125 -> 547.95764
B126: 해외 | C126: =J132 -> 14015171999 | D126: =N132 -> 20643578858 | E126: =R132 -> 27940908699 | H126: Haptic 스위치 | I126: 4176 | J126: 198946076 | K126: =J126/I126 -> 47640.344 | L126: Haptic Switch | M126: 7880 | N126: 344694176 | O126: =N126/M126 -> 43742.916 | P126: Micro Switch | Q126: 263780 | R126: 466541548 | S126: =R126/Q126 -> 1768.6767
B127: 합계 | C127: =C118+C121+C124 -> 234394162881 | D127: =D118+D121+D124 -> 253071660234 | E127: =E118+E121+E124 -> 284275287990 | H127: Switch 일반 | I127: 55300893 | J127: 4512056637 | K127: =J127/I127 -> 81.591027 | L127: Micro Switch | M127: 293876 | N127: 476799445 | O127: =N127/M127 -> 1622.4511 | P127: Haptic Switch | Q127: 4979 | R127: 221709229 | S127: =R127/Q127 -> 44528.867
H128: Switch MIC | I128: 2211335 | J128: 356317510 | K128: =J128/I128 -> 161.13231 | L128: General Switch | M128: 4870906 | N128: 2625634862 | O128: =N128/M128 -> 539.04445 | P128: Gear Shift Module | Q128: 1446 | R128: 32171610 | S128: =R128/Q128 -> 22248.693
B129: 스위치사업부 매출 | C129: =C5 -> 301650469844 | D129: =D5 -> 329529138676 | E129: =E5 -> 357818553490 | H129: 해외 | I129: 수량 | J129: 매출 | K129: 단가 | L129: 해외 | M129: 수량 | N129: 매출 | O129: 단가 | P129: 해외 | Q129: 수량 | R129: 매출
B130: 스위치사업부 매출비중 | C130: =C127/C129 -> 0.77703895 | D130: =D127/D129 -> 0.76797961 | E130: =E127/E129 -> 0.79446771 | H130: Switch-P/W | I130: 387546714 | J130: 18551297786 | K130: =J130/I130 -> 47.868546 | L130: Power Window Switch | M130: 665252629 | N130: 19015676466 | O130: =N130/M130 -> 28.584143 | P130: Power Window Switch | Q130: 731249276 | R130: 26149061105 | S130: =R130/Q130 -> 35.759435
H131: Switch-IP | I131: 167885274 | J131: 34519801146 | K131: =J131/I131 -> 205.61542 | L131: In Panel Switch | M131: 239955190 | N131: 44718173494 | O131: =N131/M131 -> 186.36052 | P131: In Panel Switch | Q131: 253195215 | R131: 54374514441 | S131: =R131/Q131 -> 214.75333
A132: Amount | B132: 내수 | C132: =C119+C122+C125 -> 167307891950 | D132: =D119+D122+D125 -> 168694231416 | E132: =E119+E122+E125 -> 175810803745 | H132: Switch-M/F | I132: 116504028 | J132: 14015171999 | K132: =J132/I132 -> 120.29775 | L132: Muti Function Switch | M132: 180242154 | N132: 20643578858 | O132: =N132/M132 -> 114.53247 | P132: Muti Function Switch | Q132: 214677096 | R132: 27940908699 | S132: =R132/Q132 -> 130.15319
B133: 해외 | C133: =C120+C123+C126 -> 67086270931 | D133: =D120+D123+D126 -> 84377428818 | E133: =E120+E123+E126 -> 108464484245 | H133: 내장 Room Lamp | I133: 1261190 | J133: 3283269416 | K133: =J133/I133 -> 2603.3107 | L133: Interior Lamp | M133: 1426368 | N133: 3683118363 | O133: =N133/M133 -> 2582.1656 | P133: Remocon Switch | Q133: 10294424 | R133: 12717676422 | S133: =R133/Q133 -> 1235.3947
A134: Mix | B134: 내수 | C134: =C132/C$127 -> 0.71378865 | D134: =D132/D$127 -> 0.66658681 | E134: =E132/E$127 -> 0.61845264 | H134: Remocon 스위치 | I134: 6422408 | J134: 8355744720 | K134: =J134/I134 -> 1301.0299 | L134: Remocon Switch | M134: 6397618 | N134: 12683374776 | O134: =N134/M134 -> 1982.5152 | P134: Interior Lamp | Q134: 1503479 | R134: 3776137724 | S134: =R134/Q134 -> 2511.5999
B135: 해외 | C135: =C133/C$127 -> 0.28621135 | D135: =D133/D$127 -> 0.33341319 | E135: =E133/E$127 -> 0.38154736 | H135: Switch-IH | I135: 4970892 | J135: 517106776 | K135: =J135/I135 -> 104.02696 | L135: Inhibitor Switch | M135: 17905352 | N135: 660264649 | O135: =N135/M135 -> 36.875268 | P135: Inhibitor Switch | Q135: 23578144 | R135: 537528923 | S135: =R135/Q135 -> 22.797762
H136: Switch 일반 | I136: 9437648 | J136: 440990328 | K136: =J136/I136 -> 46.726719 | L136: Audio SW Assy | M136: 53765 | N136: 16461322 | O136: =N136/M136 -> 306.17171 | P136: Audio SW Assy | Q136: 9564169 | R136: 2972834598 | S136: =R136/Q136 -> 310.83041
H137: Switch MIC | I137: 694370 | J137: 105967178 | K137: =J137/I137 -> 152.6091 | L137: Micro Switch | M137: 546511 | N137: 5361741 | O137: =N137/M137 -> 9.8108565 | P137: General Switch | Q137: 7750583 | R137: 211126581 | S137: =R137/Q137 -> 27.24009
B138: 증감분석 | L138: General Switch | M138: 8068568 | N138: 446770558 | O138: =N138/M138 -> 55.371729 | P138: Micro Switch | Q138: 493789 | R138: 14167317 | S138: =R138/Q138 -> 28.691034
B139: Power Window Switch | D139: =D118-C118 -> 5436193263 | E139: =E118-D118 -> 10181191609 | H139: 합산기준 | I139: 수량 | J139: 매출 | K139: 단가 | M139: 수량 | N139: 매출 | O139: 단가 | Q139: 수량 | R139: 매출 | S139: 단가
...

Sheet Sales_05사업부별추세
B2: 2012년 | C2: 2013년 | D2: 2014년 | E2: 2015년 연환산 | F2: 2015년
A3: 스위치 | B3: 301650469844 | C3: 329529138676 | D3: 357818553490 | E3: =F3*2 -> 379330315540 | F3: 189665157770 | H3: =B3/B$12 -> 0.57069215 | I3: =C3/C$12 -> 0.5929553 | J3: =D3/D$12 -> 0.61199845 | K3: =E3/E$12 -> 0.62405652
A4: 릴레이 | B4: 69649481160 | C4: 63547706707 | D4: 56026768138 | E4: =F4*2 -> 54293651228 | F4: 27146825614 | H4: =B4/B$12 -> 0.13176977 | I4: =C4/C$12 -> 0.11434785 | J4: =D4/D$12 -> 0.095825929 | K4: =E4/E$12 -> 0.089321379
A5: BCS | B5: 40168769460 | C5: 33386486016 | D5: 26961139273 | E5: =F5*2 -> 20721850972 | F5: 10360925486 | H5: =B5/B$12 -> 0.075995245 | I5: =C5/C$12 -> 0.060075701 | J5: =D5/D$12 -> 0.046113247 | K5: =E5/E$12 -> 0.034090621
A6: ECU | B6: 43499623320 | C6: 44066949023 | D6: 48731959043 | E6: =F6*2 -> 51126514884 | F6: 25563257442 | H6: =B6/B$12 -> 0.082296883 | I6: =C6/C$12 -> 0.079294144 | J6: =D6/D$12 -> 0.083349181 | K6: =E6/E$12 -> 0.084110954
A7: 전력제어 | B7: 21129287864 | C7: 21405858496 | D7: 23727187750 | E7: =F7*2 -> 29783355412 | F7: 14891677706 | H7: =B7/B$12 -> 0.039974473 | I7: =C7/C$12 -> 0.038517739 | J7: =D7/D$12 -> 0.040582027 | K7: =E7/E$12 -> 0.048998185
A8: RoomLamp | B8: 47717791608 | C8: 54174492386 | D8: 58437212647 | E8: =F8*2 -> 61062206652 | F8: 30531103326 | H8: =B8/B$12 -> 0.090277231 | I8: =C8/C$12 -> 0.097481675 | J8: =D8/D$12 -> 0.099948656 | K8: =E8/E$12 -> 0.10045669
A9: 부품사업팀 | B9: 4754087094 | C9: 9629636821 | D9: 12969500563 | E9: =F9*2 -> 11528199210 | F9: 5764099605 | H9: =B9/B$12 -> 0.0089942515 | I9: =C9/C$12 -> 0.017327585 | J9: =D9/D$12 -> 0.022182512 | K9: =E9/E$12 -> 0.018965655
A10: 스위치 비중 | B10: =B3/B12 -> 0.57069215 | C10: =C3/C12 -> 0.5929553 | D10: =D3/D12 -> 0.61199845 | E10: =E3/E12 -> 0.62405652
B12: =SUM(B3:B9) -> 528569510350 | C12: =SUM(C3:C9) -> 555740268125 | D12: =SUM(D3:D9) -> 584672320904 | E12: =SUM(E3:E9) -> 607846093898
A34: 사업부별 매출
B35: 2012년 | C35: 2013년 | D35: 2014년 | E35: 2015년 연환산
A36: HMI | B36: 349368261452 | C36: 383703631062 | D36: 416255766137 | E36: =F36*2 -> 440392522192 | F36: 220196261096 | H36: =B36/B$40 -> 0.66096938 | I36: =C36/C$40 -> 0.69043698 | J36: =D36/D$40 -> 0.7119471 | K36: =E36/E$40 -> 0.72451321
A37: BCS | B37: 64628911184 | C37: 65472807519 | D37: 72459146793 | E37: =F37*2 -> 80909870296 | F37: 40454935148 | H37: =B37/B$40 -> 0.12227136 | I37: =C37/C$40 -> 0.11781188 | J37: =D37/D$40 -> 0.12393121 | K37: =E37/E$40 -> 0.13310914
A38: MC | B38: 114572337714 | C38: 106563829544 | D38: 95957407974 | E38: =F38*2 -> 86543701410 | F38: 43271850705 | H38: =B38/B$40 -> 0.21675926 | I38: =C38/C$40 -> 0.19175114 | J38: =D38/D$40 -> 0.16412169 | K38: =E38/E$40 -> 0.14237765
B39: =B36/B40 -> 0.66096938 | C39: =C36/C40 -> 0.69043698 | D39: =D36/D40 -> 0.7119471 | E39: =E36/E40 -> 0.72451321
B40: =SUM(B36:B38) -> 528569510350 | C40: =SUM(C36:C38) -> 555740268125 | D40: =SUM(D36:D38) -> 584672320904 | E40: =SUM(E36:E38) -> 607846093898
B63: 사업부별 제품매출액
C64: 2012년 | D64: 2013년 | E64: 2014년 | F64: 2015년
B65: 백만원 | C65: 12개월 | D65: 12개월 | E65: 12개월 | F65: 6개월
B66: 스위치 | C66: 296691633563 | D66: 317822974827 | E66: 329054293426 | F66: 174195511512
B67: 릴레이 | C67: 69793328452 | D67: 62770593661 | E67: 54726687904 | F67: 26891171748
B68: BCS | C68: 39771393460 | D68: 32162937072 | E68: 22998719481 | F68: 9749865860
B69: ECU | C69: 43418777428 | D69: 42307741487 | E69: 47816948703 | F69: 24345319543
B70: 전력제어 | C70: 20767223864 | D70: 21064695432 | E70: 23077848703 | F70: 14201251235
B71: Roomlamp | C71: 47711967609 | D71: 52294228059 | E71: 57857539144 | F71: 29633582018
B72: 부품사업 | C72: 1190214467 | D72: 349941738 | E72: 639290671 | F72: 190496254
B73: 합계 | C73: 519344538843 | D73: 528773112276 | E73: 536171328032 | F73: 279207198170
B76: 사업부별 설비매출액
C77: 2012년 | D77: 2013년 | E77: 2014년 | F77: 2015년
B78: 백만원 | C78: 12개월 | D78: 12개월 | E78: 12개월 | F78: 6개월
B79: 스위치 | C79: 229455283 | D79: 208390504 | E79: 5232644036 | F79: 2008255774
B80: 릴레이 | C80: 0 | D80: 0 | E80: 0 | F80: 0
B81: BCS | C81: 268700000 | D81: 330685342 | E81: 1748118068 | F81: 0
B82: ECU | C82: 0 | D82: 0 | E82: 0 | F82: 0
B83: 전력제어 | C83: 0 | D83: 0 | E83: 0 | F83: 0
B84: Roomlamp | C84: 0 | D84: 0 | E84: 285638653 | F84: 160586472
B85: 부품사업 | C85: 997599590 | D85: 3174994802 | E85: 5375166107 | F85: 755773134
B86: 합계 | C86: 1495754873 | D86: 3714070648 | E86: 12641566864 | F86: 2924615380
B89: 사업부별 일시불매출액
C90: 2012년 | D90: 2013년 | E90: 2014년 | F90: 2015년
B91: 백만원 | C91: 12개월 | D91: 12개월 | E91: 12개월 | F91: 6개월
B92: 스위치 | C92: 0 | D92: 4021923644 | E92: 9301776759 | F92: 2677331021
B93: 릴레이 | C93: 0 | D93: 0 | E93: 140185300 | F93: 0
B94: BCS | C94: 0 | D94: 17447048 | E94: 1082055615 | F94: 127504320
B95: ECU | C95: 0 | D95: 828003249 | E95: 258229898 | F95: 323194000
B96: 전력제어 | C96: 0 | D96: -6698680 | E96: 62630000 | F96: 101566570
B97: Roomlamp | C97: 0 | D97: 1810350000 | E97: 250060000 | F97: 402126000
B98: 부품사업 | C98: 0 | D98: 197197325 | E98: 0 | F98: 0
B99: 합계 | C99: 0 | D99: 6868222586 | E99: 11094937572 | F99: 3631721911
B103: 사업부별 용역과제매출액
C104: 2012년 | D104: 2013년 | E104: 2014년 | F104: 2015년
B105: 백만원 | C105: 12개월 | D105: 12개월 | E105: 12개월 | F105: 6개월
B106: 스위치 | C106: 0 | D106: 0 | E106: 934105408 | F106: 0
B107: 릴레이 | C107: 0 | D107: 0 | E107: 0 | F107: 0
B108: BCS | C108: 0 | D108: 270524118 | E108: 0 | F108: 0
B109: ECU | C109: 0 | D109: 813920000 | E109: 324900000 | F109: 113600000
B110: 전력제어 | C110: 0 | D110: 0 | E110: 171216261 | F110: 0
B111: Roomlamp | C111: 0 | D111: 55000000 | E111: 0 | F111: 63240000
B112: 부품사업 | C112: 0 | D112: 0 | E112: 0 | F112: 0
B113: 합계 | C113: 0 | D113: 1139444118 | E113: 1430221669 | F113: 176840000

Sheet Sales_06월별
B2: 월별 제품매출
C3: 2012년 1월 | D3: 2012년 2월 | E3: 2012년 3월 | F3: 2012년 4월 | G3: 2012년 5월 | H3: 2012년 6월 | I3: 2012년 7월 | J3: 2012년 8월 | K3: 2012년 9월 | L3: 2012년 10월 | M3: 2012년 11월 | N3: 2012년 12월 | O3: 2013년 1월 | P3: 2013년 2월 | Q3: 2013년 3월 | R3: 2013년 4월 | S3: 2013년 5월 | T3: 2013년 6월 | U3: 2013년 7월 | V3: 2013년 8월 | W3: 2013년 9월 | X3: 2013년 10월 | Y3: 2013년 11월 | Z3: 2013년 12월 | AA3: 2014년 1월 | AB3: 2014년 2월 | AC3: 2014년 3월 | AD3: 2014년 4월 | AE3: 2014년 5월 | AF3: 2014년 6월 | AG3: 2014년 7월 | AH3: 2014년 8월 | AI3: 2014년 9월 | AJ3: 2014년 10월 | AK3: 2014년 11월 | AL3: 2014년 12월 | AM3: 2015년 1월 | AN3: 2015년 2월 | AO3: 2015년 3월 | AP3: 2015년 4월 | AQ3: 2015년 5월 | AR3: 2015년 6월
B4: 제품매출(백만원) | C4: 40708099996 | D4: 43747582185 | E4: 45739498620 | F4: 43411672390 | G4: 45115254938 | H4: 45610093720 | I4: 43670801651 | J4: 36358521155 | K4: 40985890485 | L4: 43202342291 | M4: 45760730688 | N4: 45034050724 | O4: 45333802628 | P4: 39217568814 | Q4: 43634787801 | R4: 44687384478 | S4: 42884882168 | T4: 44484044902 | U4: 43464848706 | V4: 41904980145 | W4: 40627534490 | X4: 48893452332 | Y4: 45503091647 | Z4: 48136734165 | AA4: 44770750863 | AB4: 42701133945 | AC4: 48507255496 | AD4: 47481574847 | AE4: 42789599884 | AF4: 44264170668 | AG4: 46171411455 | AH4: 37947630363 | AI4: 39063582296 | AJ4: 45104593900 | AK4: 46501625261 | AL4: 50867999054 | AM4: 46054466935 | AN4: 41739918782 | AO4: 50461281054 | AP4: 49990226066 | AQ4: 42743687946 | AR4: 48217617387
B5: 수량 | C5: 86683652 | D5: 101549519 | E5: 131647549 | F5: 84342407 | G5: 79709434 | H5: 93428368 | I5: 88251425 | J5: 73993875 | K5: 78041598 | L5: 170141244 | M5: 188141196 | N5: 180775103 | O5: 193770288 | P5: 111533446 | Q5: 167929361 | R5: 158345174 | S5: 137108667 | T5: 115932179 | U5: 139176857 | V5: 167416859 | W5: 140206766 | X5: 193955644 | Y5: 185804038 | Z5: 182065605 | AA5: 116024987 | AB5: 176292403 | AC5: 175043187 | AD5: 173550611 | AE5: 200960669 | AF5: 157301653 | AG5: 142694177 | AH5: 168365532 | AI5: 178625938 | AJ5: 206303224 | AK5: 224340690 | AL5: 205079058 | AM5: 255491327 | AN5: 208908636 | AO5: 234398139 | AP5: 239557798 | AQ5: 185624431 | AR5: 170887682
B6: ASP | C6: =C4/C5 -> 469.61681 | D6: =D4/D5 -> 430.80049 | E6: =E4/E5 -> 347.43904 | F6: =F4/F5 -> 514.70753 | G6: =G4/G5 -> 565.99643 | H6: =H4/H5 -> 488.18249 | I6: =I4/I5 -> 494.84529 | J6: =J4/J5 -> 491.37204 | ... AR6: =AR4/AR5 -> 282.1597

Sheet Sales_07제품매출
B3: 사업부별 제품매출액 | H3: 사업부별 제품매출수량 | N3: 사업부별 제품단가
C4: 2012년 | D4: 2013년 | E4: 2014년 | F4: 2015년 | I4: 2012년 | J4: 2013년 | K4: 2014년 | L4: 2015년 | O4: 2012년 | P4: 2013년 | Q4: 2014년 | R4: 2015년
B5: 백만원 | C5: 12개월 | D5: 12개월 | E5: 12개월 | F5: 6개월 | H5: 천개 | I5: 12개월 | J5: 12개월 | K5: 12개월 | L5: 6개월 | N5: 원 | O5: 12개월 | P5: 12개월 | Q5: 12개월 | R5: 6개월
B6: 스위치 | C6: 296691633563 | D6: 317822974827 | E6: 329054293426 | F6: 174195511512 | H6: 스위치 | I6: 427220840 | J6: 412124532 | K6: 467000938 | L6: 282652547 | N6: 스위치 | O6: =C6/I6 -> 694.46901 | P6: =D6/J6 -> 771.18189 | Q6: =E6/K6 -> 704.61163 | R6: =F6/L6 -> 616.28849
B7: 릴레이 | C7: 69793328452 | D7: 62770593661 | E7: 54726687904 | F7: 26891171748 | H7: 릴레이 | I7: 173003594 | J7: 168959390 | K7: 129588031 | L7: 61046236 | N7: 릴레이 | O7: =C7/I7 -> 403.42126 | P7: =D7/J7 -> 371.5129 | Q7: =E7/K7 -> 422.31283 | R7: =F7/L7 -> 440.50499
B8: BCS | C8: 39771393460 | D8: 32162937072 | E8: 22998719481 | F8: 9749865860 | H8: BCS | I8: 25638111 | J8: 26568581 | K8: 20630669 | L8: 12633454 | N8: BCS | O8: =C8/I8 -> 1551.2607 | P8: =D8/J8 -> 1210.5628 | Q8: =E8/K8 -> 1114.783 | R8: =F8/L8 -> 771.74982
B9: ECU | C9: 43418777428 | D9: 42307741487 | E9: 47816948703 | F9: 24345319543 | H9: ECU | I9: 6756172 | J9: 11367487 | K9: 8385809 | L9: 5279566 | N9: ECU | O9: =C9/I9 -> 6426.5352 | P9: =D9/J9 -> 3721.8201 | Q9: =E9/K9 -> 5702.1271 | R9: =F9/L9 -> 4611.235
B10: 전력제어 | C10: 20767223864 | D10: 21064695432 | E10: 23077848703 | F10: 14201251235 | H10: 전력제어 | I10: 834513 | J10: 900638 | K10: 1278158 | L10: 4475007 | N10: 전력제어 | O10: =C10/I10 -> 24885.441 | P10: =D10/J10 -> 23388.637 | Q10: =E10/K10 -> 18055.552 | R10: =F10/L10 -> 3173.459
B11: Roomlamp | C11: 47711967609 | D11: 52294228059 | E11: 57857539144 | F11: 29633582018 | H11: Roomlamp | I11: 12987815 | J11: 13146796 | K11: 13878612 | L11: 7431203 | N11: Roomlamp | O11: =C11/I11 -> 3673.5946 | P11: =D11/J11 -> 3977.7166 | Q11: =E11/K11 -> 4168.8275 | R11: =F11/L11 -> 3987.7234
B12: 부품사업 | C12: 1190214467 | D12: 349941738 | E12: 639290671 | F12: 190496254 | H12: 부품사업 | I12: 710264325 | J12: 1260177460 | K12: 1483819912 | L12: 921350000 | N12: 부품사업 | O12: =C12/I12 -> 1.6757345 | P12: =D12/J12 -> 0.27769243 | Q12: =E12/K12 -> 0.43084115 | R12: =F12/L12 -> 0.20675775
B13: 합계 | C13: =SUM(C6:C12) -> 519344538843 | D13: =SUM(D6:D12) -> 528773112276 | E13: =SUM(E6:E12) -> 536171328032 | F13: =SUM(F6:F12) -> 279207198170 | H13: 합계 | I13: =SUM(I6:I12) -> 1356705370 | J13: =SUM(J6:J12) -> 1893244884 | K13: =SUM(K6:K12) -> 2124582129 | L13: =SUM(L6:L12) -> 1294868013 | N13: 합계
B17: 사업부별 제품매출액
C18: 2012년 | D18: 2013년 | E18: 2014년 | F18: 2015년
B19: 백만원 | C19: 12개월 | D19: 12개월 | E19: 12개월 | F19: 6개월
B20: HMI | C20: =C6+C11 -> 344403601172 | D20: =D6+D11 -> 370117202886 | E20: =E6+E11 -> 386911832570 | F20: =F6+F11 -> 203829093530
B21: BCS | C21: =C9+C10 -> 64186001292 | D21: =D9+D10 -> 63372436919 | E21: =E9+E10 -> 70894797406 | F21: =F9+F10 -> 38546570778
B22: MC | C22: =C7+C8 -> 109564721912 | D22: =D7+D8 -> 94933530733 | E22: =E7+E8 -> 77725407385 | F22: =F7+F8 -> 36641037608
B23: 부품 | C23: =C12 -> 1190214467 | D23: =D12 -> 349941738 | E23: =E12 -> 639290671 | F23: =F12 -> 190496254
B24: 합계 | C24: =SUM(C20:C23) -> 519344538843 | D24: =SUM(D20:D23) -> 528773112276 | E24: =SUM(E20:E23) -> 536171328032 | F24: =SUM(F20:F23) -> 279207198170

Sheet Sales_08설비매출
B1: Val_8,9 제품별 사업부별 매출액
B2: 사업부별 매출액
C3: 2012년 | D3: 2013년 | E3: 2014년 | F3: 2015년 | I3: 2012년 | J3: 2013년 | K3: 2014년 | L3: 2015년
B4: 백만원 | C4: 12개월 | D4: 12개월 | E4: 12개월 | F4: 6개월 | H4: 매출액비중 | I4: 2012년 | J4: 2013년 | K4: 2014년 | L4: 2015년
B5: 스위치 | C5: 301650469844 | D5: 329529138676 | E5: 357818553490 | F5: 189665157770 | H5: 스위치 | I5: =C5/C$12 -> 0.57069215 | J5: =D5/D$12 -> 0.5929553 | K5: =E5/E$12 -> 0.61199845 | L5: =F5/F$12 -> 0.62405652
B6: 릴레이 | C6: 69649481160 | D6: 63547706707 | E6: 56026768138 | F6: 27146825614 | H6: 릴레이 | I6: =C6/C$12 -> 0.13176977 | J6: =D6/D$12 -> 0.11434785 | K6: =E6/E$12 -> 0.095825929 | L6: =F6/F$12 -> 0.089321379
B7: BCS | C7: 40168769460 | D7: 33386486016 | E7: 26961139273 | F7: 10360925486 | H7: BCS | I7: =C7/C$12 -> 0.075995245 | J7: =D7/D$12 -> 0.060075701 | K7: =E7/E$12 -> 0.046113247 | L7: =F7/F$12 -> 0.034090621
B8: ECU | C8: 43499623320 | D8: 44066949023 | E8: 48731959043 | F8: 25563257442 | H8: ECU | I8: =C8/C$12 -> 0.082296883 | J8: =D8/D$12 -> 0.079294144 | K8: =E8/E$12 -> 0.083349181 | L8: =F8/F$12 -> 0.084110954
B9: 전력제어 | C9: 21129287864 | D9: 21405858496 | E9: 23727187750 | F9: 14891677706 | H9: 전력제어 | I9: =C9/C$12 -> 0.039974473 | J9: =D9/D$12 -> 0.038517739 | K9: =E9/E$12 -> 0.040582027 | L9: =F9/F$12 -> 0.048998185
B10: Roomlamp | C10: 47717791608 | D10: 54174492386 | E10: 58437212647 | F10: 30531103326 | H10: Roomlamp | I10: =C10/C$12 -> 0.090277231 | J10: =D10/D$12 -> 0.097481675 | K10: =E10/E$12 -> 0.099948656 | L10: =F10/F$12 -> 0.10045669
B11: 부품사업 | C11: 4754087094 | D11: 9629636821 | E11: 12969500563 | F11: 5764099605 | H11: 부품사업 | I11: =C11/C$12 -> 0.0089942515 | J11: =D11/D$12 -> 0.017327585 | K11: =E11/E$12 -> 0.022182512 | L11: =F11/F$12 -> 0.018965655
B12: 합계 | C12: =SUM(C5:C11) -> 528569510350 | D12: =SUM(D5:D11) -> 555740268125 | E12: =SUM(E5:E11) -> 584672320904 | F12: =SUM(F5:F11) -> 303923046949
B16: 결산명세서
B17: 사업부별 설비매출액
C18: 2012년 | D18: 2013년 | E18: 2014년 | F18: 2015년
B19: 백만원 | C19: 12개월 | D19: 12개월 | E19: 12개월 | F19: 6개월
B20: 금형 | C20: =SUM(C21:C22) -> 102761343 | D20: =SUM(D21:D22) -> 915776802 | E20: =SUM(E21:E22) -> 7166779519 | F20: =SUM(F21:F22) -> 0
B21: 내수 | C21: =매출2012!E48 -> 43790910 | D21: =매출2013!E51 -> 46130555 | E21: =매출2014!E53 -> 58717920
B22: 해외 | C22: =매출2012!E87 -> 58970433 | D22: =매출2013!E88 -> 869646247 | E22: =매출2014!E95 -> 7108061599
B23: 설비 | C23: =SUM(C24:C25) -> 1392993530 | D23: =SUM(D24:D25) -> 2798293845 | E23: =SUM(E24:E25) -> 5474787345 | F23: =SUM(F24:F25) -> 0
B24: 내수 | C24: =매출2012!E51 -> 20776377 | D24: 0 | E24: =매출2014!E54 -> 2000000
B25: 해외 | C25: =매출2012!E90 -> 1372217153 | D25: =매출2013!E87 -> 2798293845 | E25: =매출2014!E96 -> 5472787345
B26: 합계 | C26: =C20+C23 -> 1495754873 | D26: =D20+D23 -> 3714070647 | E26: =E20+E23 -> 12641566864 | F26: =F20+F23 -> 0
B28: 내수 | C28: =C21+C24 -> 64567287 | D28: =D21+D24 -> 46130555 | E28: =E21+E24 -> 60717920 | F28: =F21+F24 -> 0
B29: 해외 | C29: =C22+C25 -> 1431187586 | D29: =D22+D25 -> 3667940092 | E29: =E22+E25 -> 12580848944 | F29: =F22+F25 -> 0
B31: FDD_12,13,18,19,20 2012년 ~ 22015년 6월 매출세부
B32: 거래처별 설비매출액
C33: 2012년 | D33: 2013년 | E33: 2014년 | F33: 2015년
B34: 백만원 | C34: 12개월 | D34: 12개월 | E34: 12개월 | F34: 6개월
B35: 내수 | C35: =SUM(C36:C40) -> 64567287 | D35: =SUM(D36:D40) -> 46130555 | E35: =SUM(E36:E40) -> 60717920 | F35: =SUM(F36:F40) -> 29171760
B36: 엘에스전선(주) | C36: 24008200 | D36: 3096300 | E36: 9784860 | F36: 26151290
B37: 엘에스엠트론(주) | C37: 14732390 | D37: 0 | E37: 0 | F37: 0
B38: (주)후지쿠라코리아 오토모티브 | C38: 5050320 | D38: 43034255 | E38: 48933060 | F38: 3020470
B39: (주)대성엘텍 | C39: 20776377 | D39: 0 | E39: 0 | F39: 0
B40: (주)충현 | C40: 0 | D40: 0 | E40: 2000000 | F40: 0
B41: 해외 | C41: =SUM(C42:C46) -> 1431187586 | D41: =SUM(D42:D46) -> 3667940093 | E41: =SUM(E42:E46) -> 12580848944 | F41: =SUM(F42:F46) -> 2895443620
B42: QINGDAO DAESUNG ELEC | C42: 677941406 | D42: 1195014226 | E42: 1810593624 | F42: 233740872
B43: DAESUNG WUXI ELECTRO | C43: 171799565 | D43: 1343767423 | E43: 4558938731 | F43: 653446974
B44: DAESUNG ELECTRIC IND | C44: 283746615 | D44: 1129158444 | E44: 4701060529 | F44: 1003486342
B45: Sazeh Pouyesh Compan | C45: 297700000 | D45: 0 | E45: 0 | F45: 0
B46: HYUNDAI MOTOR INDIA | C46: 0 | D46: 0 | E46: 1510256060 | F46: 1004769432
B47: 합계 | C47: =C35+C41 -> 1495754873 | D47: =D35+D41 -> 3714070648 | E47: =E35+E41 -> 12641566864 | F47: =F35+F41 -> 2924615380
B50: 자회사 | C50: =SUM(C42:C44) -> 1133487586 | D50: =SUM(D42:D44) -> 3667940093 | E50: =SUM(E42:E44) -> 11070592884 | F50: =SUM(F42:F44) -> 1890674188
B51: 내부거래비중 | C51: =C50/C47 -> 0.75780304 | D51: =D50/D47 -> 0.98757952 | E51: =E50/E47 -> 0.87572949 | F51: =F50/F47 -> 0.64646934

Sheet Sales_09기타매출
B2: FDD_12,13,18,19,20 2012년 ~ 22015년 6월 매출세부
B3: 거래처별 기타매출액
C4: 2012년 | D4: 2013년 | E4: 2014년 | F4: 2015년
B5: 백만원 | C5: 12개월 | D5: 12개월 | E5: 12개월 | F5: 6개월
B6: 내수
B7: 쌍용자동차(주) 경기 | C7: 8200000 | D7: 0 | E7: 0 | F7: 0
B8: 태광물산 | C8: 525229 | D8: 0 | E8: 0 | F8: 0
B9: (주)만도 평택 | C9: -3683 | D9: 0 | E9: 0 | F9: 0
B10: 삼영전자공업(주) | C10: 2538331 | D10: 0 | E10: 0 | F10: 0
B11: 엠에스웨이(주) | C11: 36217954 | D11: 0 | E11: 0 | F11: 0
B12: (주)데스코 | C12: 22629842 | D12: 0 | E12: 0 | F12: 0
B13: (주)친환경에버뷰 | C13: 24100 | D13: 0 | E13: 0 | F13: 0
B14: (주) 에나인더스트리 | C14: 5775000 | D14: 0 | E14: 0 | F14: 0
B15: 삼우에레코 주식회사 | C15: 0 | D15: 1137983 | E15: 0 | F15: 0
B16: 이세전자 | C16: 0 | D16: 12529366 | E16: 0 | F16: 0
B17: 엠에스웨이(주) | C17: 0 | D17: 0 | E17: 14209609 | F17: 0
B18: (주)삼진포리머 | C18: 0 | D18: 0 | E18: 4069650 | F18: 0
B19: (주)대동 | C19: 0 | D19: 0 | E19: 0 | F19: 2050000
B20: 소계 | C20: =SUM(C7:C19) -> 75906773 | D20: =SUM(D7:D19) -> 13667349 | E20: =SUM(E7:E19) -> 18279259 | F20: =SUM(F7:F19) -> 2050000
B21: 해외
B22: QINGDAO DAESUNG ELEC | C22: 3232844833 | D22: 8397951043 | E22: 12448064293 | F22: 7939098393 | H22: 부품
B23: DAESUNG WUXI ELECTRO | C23: 2764595971 | D23: 3797321233 | E23: 4918770623 | F23: 3315809552
B24: DAESUNG ELECTRIC IND | C24: 1527760382 | D24: 944112872 | E24: 1418610592 | F24: 1036099605
B25: Sazeh Pouyesh Compan | C25: 128676000 | D25: 0 | E25: 0 | F25: 0
B26: Piston Trading LLC | C26: 31358975 | D26: 0 | E26: 0 | F26: 0
B27: 파생 | C27: -31926300 | D27: 2092366000 | E27: 4530542000 | F27: 1369108000
B28: 소계 | C28: =SUM(C22:C27) -> 7653309861 | D28: =SUM(D22:D27) -> 15231751148 | E28: =SUM(E22:E27) -> 23315987508 | F28: =SUM(F22:F27) -> 13660115550
B29: 합계 | C29: =C20+C28 -> 7729216634 | D29: =D20+D28 -> 15245418497 | E29: =E20+E28 -> 23334266767 | F29: =F20+F28 -> 13662165550
B31: 자회사 | C31: =SUM(C22:C24) -> 7525201186 | D31: =SUM(D22:D24) -> 13139385148 | E31: =SUM(E22:E24) -> 18785445508 | F31: =SUM(F22:F24) -> 12291007550
B32: 자회사비중% | C32: =C31/C29 -> 0.97360464 | D32: =D31/D29 -> 0.86185795 | E32: =E31/E29 -> 0.80505832 | F32: =F31/F29 -> 0.89963831
B35: 부품
B38: 미파악 매출
C39: 2012년 | D39: 2013년 | E39: 2014년 | F39: 2015년
B40: 백만원 | C40: 12개월 | D40: 12개월 | E40: 12개월 | F40: 6개월
B41: 일시불매출 | C41: 0 | D41: 6868222586 | E41: 11094937572 | F41: 3631721911
B42: 용역과제매출 | C42: 0 | D42: 1139444118 | E42: 1430221669 | F42: 176840000
B43: 자회사로열티매출 | C43: 0 | D43: 0 | E43: 0 | F43: 4320505938
B44: 기타매출 | C44: 7729216634 | D44: 15245418497 | E44: 23334266767 | F44: 13662165550
B47: 자회사로열티매출(기타수익) | C47: 2731350327 | D47: 4116265656 | E47: 6524290406 | F47: 4320505938

Sheet 사업부별손익
E2: =E7-C7 -> 56102810554 | S2: =S7-Q7 -> 56168083646
AC3: 구분 | AD3: 2012년 | AE3: 2013년 | AF3: 2014년 | AG3: 2015년 1~6월 | AH3: 2012년 | AI3: 2013년 | AJ3: 2014년 | AK3: 2015년 1~6월 | AL3: 2012년 | AM3: 2013년 | AN3: 2014년 | AO3: 2015년 1~6월 | AP3: 2012년 | AQ3: 2013년 | AR3: 2014년 | AS3: 2015년 1~6월 | AT3: 2012년 | AU3: 2013년 | AV3: 2014년 | AW3: 2015년 1~6월 | AX3: 2012년 | AY3: 2013년 | AZ3: 2014년 | BA3: 2015년 1~6월 | BB3: 2012년 | BC3: 2013년 | BD3: 2014년 | BE3: 2015년 1~6월 | BF3: 2012년 | BG3: 2013년 | BH3: 2014년 | BI3: 2015년 1~6월
B4: 사업부별 마진분석_전체 | H4: 사업부별 CM분석_전체 | P4: 사업부별 마진분석_스위치 | V4: 사업부별 CM분석_스위치 | AD4: 스위치 | AE4: 스위치 | AF4: 스위치 | AG4: 스위치 | AH4: 릴레이 | AI4: 릴레이 | AJ4: 릴레이 | AK4: 릴레이 | AL4: BCS | AM4: BCS | AN4: BCS | AO4: BCS | AP4: ECU | AQ4: ECU | AR4: ECU | AS4: ECU | AT4: 전력제어 | AU4: 전력제어 | AV4: 전력제어 | AW4: 전력제어 | AX4: RoomLamp | AY4: RoomLamp | AZ4: RoomLamp | BA4: RoomLamp | BB4: 부품사업팀 | BC4: 부품사업팀 | BD4: 부품사업팀 | BE4: 부품사업팀 | BF4: 합계 | BG4: 합계 | BH4: 합계 | BI4: 합계
C5: 2012년 | D5: 2013년 | E5: 2014년 | F5: 2015년 | I5: 2012년 | J5: 2013년 | K5: 2014년 | L5: 2015년 | Q5: 2012년 | R5: 2013년 | S5: 2014년 | T5: 2015년 | W5: 2012년 | X5: 2013년 | Y5: 2014년 | Z5: 2015년 | AC5: 1.매출액 수량 | AD5: 427220840 | AE5: 412124532 | AF5: 467000938 | AG5: 282652547 | AH5: 173003594 | AI5: 168959390 | AJ5: 129588031 | AK5: 61046236 | AL5: 25638111 | AM5: 26568581 | AN5: 20630669 | AO5: 12633454 | AP5: 6756172 | AQ5: 11367487 | AR5: 8385809 | AS5: 5279566 | AT5: 834513 | AU5: 900638 | AV5: 1278158 | AW5: 4475007 | AX5: 12987815 | AY5: 13146796 | AZ5: 13878612 | BA5: 7431203 | BB5: 710264325 | BC5: 1260177460 | BD5: 1483819912 | BE5: 921350000 | BF5: 1356705370 | BG5: 1893244884 | BH5: 2124582129 | BI5: 1294868013
B6: 백만원 | C6: 12개월 | D6: 12개월 | E6: 12개월 | F6: 6개월 | H6: 백만원 | I6: 12개월 | J6: 12개월 | K6: 12개월 | L6: 6개월 | P6: 백만원 | Q6: 12개월 | R6: 12개월 | S6: 12개월 | T6: 6개월 | V6: 백만원 | W6: 12개월 | X6: 12개월 | Y6: 12개월 | Z6: 6개월 | AC6: 제품매출 | AD6: 296691633563 | AE6: 317822974827 | AF6: 329054293426 | AG6: 174195511512 | AH6: 69793328452 | AI6: 62770593661 | AJ6: 54726687904 | AK6: 26891171748 | AL6: 39771393460 | AM6: 32162937072 | AN6: 22998719481 | AO6: 9749865860 | AP6: 43418777428 | AQ6: 42307741487 | AR6: 47816948703 | AS6: 24345319543 | AT6: 20767223864 | AU6: 21064695432 | AV6: 23077848703 | AW6: 14201251235 | AX6: 47711967609 | AY6: 52294228059 | AZ6: 57857539144 | BA6: 29633582018 | BB6: 1190214467 | BC6: 349941738 | BD6: 639290671 | BE6: 190496254 | BF6: 519344538843 | BG6: 528773112276 | BH6: 536171328032 | BI6: 279207198170
B7: 매출 | C7: =BF12 -> 528569510350 | D7: =BG12 -> 555740268125 | E7: =BH12 -> 584672320904 | F7: =BI12 -> 303923046949 | H7: 매출 | I7: =BF12 -> 528569510350 | J7: =BG12 -> 555740268125 | K7: =BH12 -> 584672320904 | L7: =BI12 -> 303923046949 | P7: 매출 | Q7: =AD12 -> 301650469844 | R7: =AE12 -> 329529138676 | S7: =AF12 -> 357818553490 | T7: =AG12 -> 189665157770 | V7: 매출 | W7: =AD12 -> 301650469844 | X7: =AE12 -> 329529138676 | Y7: =AF12 -> 357818553490 | Z7: =AG12 -> 189665157770 | AC7: 설비매출 | AD7: 229455283 | AE7: 208390504 | AF7: 5232644036 | AG7: 2008255774 | AH7: 0 | AI7: 0 | AJ7: 0 | AK7: 0 | AL7: 268700000 | AM7: 330685342 | AN7: 1748118068 | AO7: 0 | AP7: 0 | AQ7: 0 | AR7: 0 | AS7: 0 | AT7: 0 | AU7: 0 | AV7: 0 | AW7: 0 | AX7: 0 | AY7: 0 | AZ7: 285638653 | BA7: 160586472 | BB7: 997599590 | BC7: 3174994802 | BD7: 5375166107 | BE7: 755773134 | BF7: 1495754873 | BG7: 3714070648 | BH7: 12641566864 | BI7: 2924615380
B8: 매출원가 | C8: =BF36 -> 475725626210 | D8: =BG36 -> 499445340398 | E8: =BH36 -> 524218029958 | F8: =BI36 -> 273015109365 | H8: 재료비 | I8: =BF13 -> 352268620252 | J8: =BG13 -> 363893330049 | K8: =BH13 -> 381121250912 | L8: =BI13 -> 195831038107 | M8: =K8/K$7 -> 0.65185444 | P8: 매출원가 | Q8: =AD36 -> 269960864470 | R8: =AE36 -> 296358237035 | S8: =AF36 -> 322622742567 | T8: =AG36 -> 170152050497 | V8: 재료비 | W8: =AD13 -> 194886390241 | X8: =AE13 -> 210800399971 | Y8: =AF13 -> 230758364896 | Z8: =AG13 -> 121304219739 | AA8: =Y8/Y7 -> 0.6449033 | AC8: 일시불 매출 | AD8: 0 | AE8: 4021923644 | AF8: 9301776759 | AG8: 2677331021 | AH8: 0 | AI8: 0 | AJ8: 140185300 | AK8: 0 | AL8: 0 | AM8: 17447048 | AN8: 1082055615 | AO8: 127504320 | AP8: 0 | AQ8: 828003249 | AR8: 258229898 | AS8: 323194000 | AT8: 0 | AU8: -6698680 | AV8: 62630000 | AW8: 101566570 | AX8: 0 | AY8: 1810350000 | AZ8: 250060000 | BA8: 402126000 | BB8: 0 | BC8: 197197325 | BD8: 0 | BE8: 0 | BF8: 0 | BG8: 6868222586 | BH8: 11094937572 | BI8: 3631721911
B9: 매출총이익 | C9: =C7-C8 -> 52843884140 | D9: =D7-D8 -> 56294927727 | E9: =E7-E8 -> 60454290946 | F9: =F7-F8 -> 30907937584 | H9: 직접인건비 | I9: =BF24 -> 3334775091 | J9: =BG24 -> 3716744273 | K9: =BH24 -> 3723298066 | L9: =BI24 -> 2039628825 | M9: =K9/K$7 -> 0.0063681791 | P9: 매출총이익 | Q9: =Q7-Q8 -> 31689605374 | R9: =R7-R8 -> 33170901641 | S9: =S7-S8 -> 35195810923 | T9: =T7-T8 -> 19513107273 | V9: 직접인건비 | W9: =AD24 -> 1445166144 | X9: =AE24 -> 1520208795 | Y9: =AF24 -> 1508590795 | Z9: =AG24 -> 837340604 | AC9: 용역과제매출 | AD9: 0 | AE9: 0 | AF9: 934105408 | AG9: 0 | AH9: 0 | AI9: 0 | AJ9: 0 | AK9: 0 | AL9: 0 | AM9: 270524118 | AN9: 0 | AO9: 0 | AP9: 0 | AQ9: 813920000 | AR9: 324900000 | AS9: 113600000 | AT9: 0 | AU9: 0 | AV9: 171216261 | AW9: 0 | AX9: 0 | AY9: 55000000 | AZ9: 0 | BA9: 63240000 | BB9: 0 | BC9: 0 | BD9: 0 | BE9: 0 | BF9: 0 | BG9: 1139444118 | BH9: 1430221669 | BI9: 176840000
B10: 매출총이익% | C10: =C9/C7 -> 0.099975279 | D10: =D9/D7 -> 0.10129719 | E10: =E9/E7 -> 0.10339859 | F10: =F9/F7 -> 0.10169659 | H10: 외주비 | I10: =SUM(BF27:BF28) -> 42812279442 | J10: =SUM(BG27:BG28) -> 47897101592 | K10: =SUM(BH27:BH28) -> 50304835915 | L10: =SUM(BI27:BI28) -> 27696459923 | M10: =K10/K$7 -> 0.086039366 | P10: 매출총이익% | Q10: =Q9/Q$7 -> 0.10505406 | R10: =R9/R$7 -> 0.10066151 | S10: =S9/S$7 -> 0.098362174 | T10: =T9/T$7 -> 0.10288188 | V10: 외주비 | W10: =SUM(AD27:AD28) -> 31677418810 | X10: =SUM(AE27:AE28) -> 37090176654 | Y10: =SUM(AF27:AF28) -> 38768573600 | Z10: =SUM(AG27:AG28) -> 21389907628 | AC10: 자회사 로열티 매출 | AG10: 3502675094 | AK10: 51367098 | AO10: 16280104 | AS10: 203011697 | AW10: 86726 | BA10: 170455150 | BE10: 376630069 | BI10: 4320505938
B11: 판매관리비 | C11: =BF41 -> 43792009823 | D11: =BG41 -> 41361745470 | E11: =BH41 -> 44247827700 | F11: =BI41 -> 20978070672 | H11: 판매비 | I11: =SUM(BF42:BF45) -> 26799595366 | J11: =SUM(BG42:BG45) -> 26362159667 | K11: =SUM(BH42:BH45) -> 28321154451 | L11: =SUM(BI42:BI45) -> 12844989521 | M11: =K11/K$7 -> 0.048439362 | P11: 판매관리비 | Q11: =AD41 -> 29398219654 | R11: =AE41 -> 29088772983 | S11: =AF41 -> 30757672015 | T11: =AG41 -> 14231381521 | V11: 판매비 | W11: =SUM(AD42:AD45) -> 19377716237 | X11: =SUM(AE42:AE45) -> 19978953777 | Y11: =SUM(AF42:AF45) -> 21171033705 | Z11: =SUM(AG42:AG45) -> 9250225747 | AC11: 기타매출 | AD11: 4729380998 | AE11: 7475849701 | AF11: 13295733861 | AG11: 7281384369 | AH11: -143847292 | AI11: 777113046 | AJ11: 1159894934 | AK11: 204286768 | AL11: 128676000 | AM11: 604892436 | AN11: 1132246109 | AO11: 467275202 | AP11: 80845892 | AQ11: 117284287 | AR11: 331880442 | AS11: 578132202 | AT11: 362064000 | AU11: 347861744 | AV11: 415492786 | AW11: 588773175 | AX11: 5823999 | AY11: 14914327 | AZ11: 43974850 | BA11: 101113686 | BB11: 2566273037 | BC11: 5907502956 | BD11: 6955043785 | BE11: 4441200148 | BF11: 7729216634 | BG11: 15245418497 | BH11: 23334266767 | BI11: 13662165550
B12: 영업이익 | C12: =C9-C11 -> 9051874317 | D12: =D9-D11 -> 14933182257 | E12: =E9-E11 -> 16206463246 | F12: =F9-F11 -> 9929866912 | H12: 공헌이익 | I12: =I7-SUM(I8:I11) -> 103354240199 | J12: =J7-SUM(J8:J11) -> 113870932544 | K12: =K7-SUM(K8:K11) -> 121201781560 | L12: =L7-SUM(L8:L11) -> 65510930573 | P12: 영업이익 | Q12: =Q9-Q11 -> 2291385720 | R12: =R9-R11 -> 4082128658 | S12: =S9-S11 -> 4438138908 | T12: =T9-T11 -> 5281725752 | V12: 공헌이익 | W12: =W7-SUM(W8:W11) -> 54263778412 | X12: =X7-SUM(X8:X11) -> 60139399479 | Y12: =Y7-SUM(Y8:Y11) -> 65611990494 | Z12: =Z7-SUM(Z8:Z11) -> 36883464052 | AC12: 매출액 합계 | AD12: 301650469844 | AE12: 329529138676 | AF12: 357818553490 | AG12: 189665157770 | AH12: 69649481160 | AI12: 63547706707 | AJ12: 56026768138 | AK12: 27146825614 | AL12: 40168769460 | AM12: 33386486016 | AN12: 26961139273 | AO12: 10360925486 | AP12: 43499623320 | AQ12: 44066949023 | AR12: 48731959043 | AS12: 25563257442 | AT12: 21129287864 | AU12: 21405858496 | AV12: 23727187750 | AW12: 14891677706 | AX12: 47717791608 | AY12: 54174492386 | AZ12: 58437212647 | BA12: 30531103326 | BB12: 4754087094 | BC12: 9629636821 | BD12: 12969500563 | BE12: 5764099605 | BF12: 528569510350 | BG12: 555740268125 | BH12: 584672320904 | BI12: 303923046949
B13: 영업이익% | C13: =C12/C7 -> 0.01712523 | D13: =D12/D7 -> 0.026870794 | E13: =E12/E7 -> 0.027718882 | F13: =F12/F7 -> 0.032672306 | H13: 공헌이익% | I13: =I12/I$7 -> 0.19553576 | J13: =J12/J$7 -> 0.20489955 | K13: =K12/K$7 -> 0.20729865 | L13: =L12/L$7 -> 0.21555105 | P13: 영업이익% | Q13: =Q12/Q$7 -> 0.0075961616 | R13: =R12/R$7 -> 0.012387762 | S13: =S12/S$7 -> 0.012403322 | T13: =T12/T$7 -> 0.027847633 | V13: 공헌이익% | W13: =W12/W$7 -> 0.17988959 | X13: =X12/X$7 -> 0.18250101 | Y13: =Y12/Y$7 -> 0.18336665 | Z13: =Z12/Z$7 -> 0.19446621 | AC13: 2.재료비 합계 | AD13: 194886390241 | AE13: 210800399971 | AF13: 230758364896 | AG13: 121304219739 | AH13: 40702372545 | AI13: 37569239939 | AJ13: 30577437749 | AK13: 14033459273 | AL13: 26345154160 | AM13: 21085010054 | AN13: 18075937589 | AO13: 6525375145 | AP13: 28690417143 | AQ13: 27019228816 | AR13: 27482740582 | AS13: 14115100993 | AT13: 14401129395 | AU13: 13913763375 | AV13: 15160225506 | AW13: 9316599172 | AX13: 42998507019 | AY13: 46351454256 | AZ13: 49020488526 | BA13: 26179002174 | BB13: 4244649749 | BC13: 7154233638 | BD13: 10046056064 | BE13: 4357281611 | BF13: 352268620252 | BG13: 363893330049 | BH13: 381121250912 | BI13: 195831038107 | BJ13: =BF13/BF$12 -> 0.66645657 | BK13: =BG13/BG$12 -> 0.65479029 | BL13: =BH13/BH$12 -> 0.65185444 | BM13: =BI13/BI$12 -> 0.64434415
AC14: 사내재료비 | AD14: 111855798147 | AE14: 108788023605 | AF14: 104256303089 | AG14: 55392533398 | AH14: 33482994453 | AI14: 31850651505 | AJ14: 27637981207 | AK14: 13250861383 | AL14: 21829176853 | AM14: 15984895414 | AN14: 12638798385 | AO14: 5020373454 | AP14: 26449993206 | AQ14: 22875535041 | AR14: 23230609982 | AS14: 11918769104 | AT14: 14437286162 | AU14: 13802047227 | AV14: 14606153794 | AW14: 9042124890 | AX14: 43004300061 | AY14: 43938929548 | AZ14: 48348655734 | BA14: 25563156760 | BB14: 989227550 | BC14: 254331007 | BD14: 382842683 | BE14: 129235964 | BF14: 252048776432 | BG14: 237494413347 | BH14: 231101344874 | BI14: 120317054953
H15: 고정매출원가 | I15: =C8-SUM(I8:I10) -> 77309951425 | J15: =D8-SUM(J8:J10) -> 83938164484 | K15: =E8-SUM(K8:K10) -> 89068645065 | L15: =F8-SUM(L8:L10) -> 47447982510
H16: 고정판관비 | I16: =C11-I11 -> 16992414457 | J16: =D11-J11 -> 14999585803 | K16: =E11-K11 -> 15926673249 | L16: =F11-L11 -> 8133081151
H17: 영업이익 | I17: =I12-I15-I16 -> 9051874317 | J17: =J12-J15-J16 -> 14933182257 | K17: =K12-K15-K16 -> 16206463246 | L17: =L12-L15-L16 -> 9929866912 | AC17: 재료비(원자재외) | AD17: 2517688933 | AE17: 4603083969 | AF17: 7049907131 | AG17: 4092836283 | AH17: 219759182 | AI17: 198940782 | AJ17: 73205541 | AK17: 34589287 | AL17: 0 | AM17: 126185779 | AN17: 236343333 | AO17: 307809485 | AP17: 63420644 | AQ17: 211482355 | AR17: 141414834 | AS17: 415545819 | AT17: 0 | AU17: 3903587 | AV17: 910531 | AW17: 4545941 | AX17: 4355501 | AY17: 8679801 | AZ17: 2890847 | BA17: 3332730 | BB17: 2354667753 | BC17: 4328653660 | BD17: 4887011142 | BE17: 3003309984 | BF17: 5159892013 | BG17: 9480929933 | BH17: 12391683359 | BI17: 7861969529
AC18: 재료비(금형/설비) | AD18: 144353380 | AE18: 151487903 | AF18: 5035230767 | AG18: 1885539955 | AH18: 0 | AI18: 0 | AJ18: 0 | AK18: 0 | AL18: 88000000 | AM18: 307500000 | AN18: 1651535597 | AO18: 0 | AP18: 0 | AQ18: 0 | AR18: 0 | AS18: 0 | AT18: 0 | AU18: 0 | AV18: 0 | AW18: 0 | AX18: 0 | AY18: 0 | AZ18: 251346290 | BA18: 129000000 | BB18: 755338050 | BC18: 2238830294 | BD18: 4473291074 | BE18: 523409512 | BF18: 987691430 | BG18: 2697818197 | BH18: 11411403728 | BI18: 2537949467
E19: =E24-C24 -> 66887504685 | K19: =K24-I24 -> 66887504685 | S19: =S24-Q24 -> -13622713022 | AC19: 일시불원가 | AD19: 0 | AE19: 3409448527 | AF19: 7427974124 | AG19: 2199642791 | AH19: 0 | AI19: 0 | AJ19: 59600000 | AK19: 0 | AL19: 0 | AM19: 15375000 | AN19: 835610305 | AO19: 113903873 | AP19: 0 | AQ19: 745605358 | AR19: 143715526 | AS19: 293972038 | AT19: 0 | AU19: 2000000 | AV19: 70500000 | AW19: 44000000 | AX19: 0 | AY19: 1605993576 | AZ19: 202578831 | BA19: 295000000 | BB19: 0 | BC19: 183462500 | BD19: 0 | BE19: 0 | BF19: 0 | BG19: 5961884961 | BH19: 8739978786 | BI19: 2946518702
B20: 스위치, Roomlamp | H20: 스위치, Roomlamp | AC20: 용역과제원가 | AD20: 0 | AE20: 0 | AF20: 753767748 | AG20: 0 | AH20: 0 | AI20: 0 | AJ20: 0 | AK20: 0 | AL20: 0 | AM20: 153951814 | AN20: 0 | AO20: 0 | AP20: 0 | AQ20: 359787811 | AR20: 295622560 | AS20: 71312199 | AT20: 0 | AU20: 0 | AV20: 112916318 | AW20: 0 | AX20: 0 | AY20: 28406661 | AZ20: 0 | BA20: 48531349 | BB20: 0 | BC20: 0 | BD20: 0 | BE20: 0 | BF20: 0 | BG20: 542146286 | BH20: 1162306626 | BI20: 119843548
B21: 사업부별 마진분석_HMI | H21: 사업부별 CM분석_HMI | P21: 사업부별 마진분석_릴레이 | V21: 사업부별 CM분석_릴레이 | AC21: 외주자체재료비 | AD21: 79496339860 | AE21: 91134624165 | AF21: 100635870628 | AG21: 53776074058 | AH21: 6904521680 | AI21: 4638819956 | AJ21: 2329360337 | AK21: 810891375 | AL21: 4306574911 | AM21: 4328243781 | AN21: 2487175993 | AO21: 1024798706 | AP21: 2078310820 | AQ21: 2613312799 | AR21: 2979077688 | AS21: 1168655884 | AT21: 37098437 | AU21: 43843716 | AV21: 114002499 | AW21: 57467814 | AX21: 0 | AY21: 0 | AZ21: 0 | BA21: 0 | BB21: 0 | BC21: 88 | BD21: 76 | BE21: 19 | BF21: 92822845708 | BG21: 102758844505 | BH21: 108545487221 | BI21: 56837887856
C22: 2012년 | D22: 2013년 | E22: 2014년 | F22: 2015년 | I22: 2012년 | J22: 2013년 | K22: 2014년 | L22: 2015년 | Q22: 2012년 | R22: 2013년 | S22: 2014년 | T22: 2015년 | W22: 2012년 | X22: 2013년 | Y22: 2014년 | Z22: 2015년 | AC22: 매출원가조정 | AD22: 872209921 | AE22: 2713731802 | AF22: 5599311409 | AG22: 3957593254 | AH22: 95097230 | AI22: 880827696 | AJ22: 477290664 | AK22: -62882772 | AL22: 121402396 | AM22: 168858266 | AN22: 226473976 | AO22: 58489627 | AP22: 98692473 | AQ22: 213505452 | AR22: 692299992 | AS22: 246845949 | AT22: -73255204 | AU22: 61968845 | AV22: 255742364 | AW22: 168460527 | AX22: -10148543 | AY22: 769444670 | AZ22: 215016824 | BA22: 139981335 | BB22: 145416396 | BC22: 148956089 | BD22: 302911089 | BE22: 701326132 | BF22: 1249414669 | BG22: 4957292820 | BH22: 7769046318 | BI22: 5209814052
B23: 백만원 | C23: 12개월 | D23: 12개월 | E23: 12개월 | F23: 6개월 | H23: 백만원 | I23: 12개월 | J23: 12개월 | K23: 12개월 | L23: 6개월 | P23: 백만원 | Q23: 12개월 | R23: 12개월 | S23: 12개월 | T23: 6개월 | V23: 백만원 | W23: 12개월 | X23: 12개월 | Y23: 12개월 | Z23: 6개월 | AC23: 3.노무비 합계 | AD23: 15897574834 | AE23: 16802319550 | AF23: 19043835465 | AG23: 10200542535 | AH23: 3896287561 | AI23: 3811724094 | AJ23: 3990015763 | AK23: 2424188211 | AL23: 3238984507 | AM23: 3615780336 | AN23: 3124181023 | AO23: 1483098461 | AP23: 3399532901 | AQ23: 3746401163 | AR23: 4130731882 | AS23: 2640979146 | AT23: 2251143658 | AU23: 2526566429 | AV23: 2512871457 | AW23: 1290843016 | AX23: 354379091 | AY23: 1637897875 | AZ23: 1794436931 | BA23: 1258110527 | BB23: 2333386 | BC23: 4128046 | BD23: -13309182 | BE23: 483540 | BF23: 29040235938 | BG23: 32144817493 | BH23: 34582763339 | BI23: 19298245436 | BJ23: =BF23/BF$12 -> 0.054941186 | BK23: =BG23/BG$12 -> 0.05784144 | BL23: =BH23/BH$12 -> 0.059148966 | BM23: =BI23/BI$12 -> 0.063497144
B24: 매출 | C24: =Q7+Q87 -> 349368261452 | D24: =R7+R87 -> 383703631062 | E24: =S7+S87 -> 416255766137 | F24: =T7+T87 -> 220196261096 | H24: 매출 | I24: =W7+W87 -> 349368261452 | J24: =X7+X87 -> 383703631062 | K24: =Y7+Y87 -> 416255766137 | L24: =Z7+Z87 -> 220196261096 | P24: 매출 | Q24: =AH12 -> 69649481160 | R24: =AI12 -> 63547706707 | S24: =AJ12 -> 56026768138 | T24: =AK12 -> 27146825614 | V24: 매출 | W24: =AH12 -> 69649481160 | X24: =AI12 -> 63547706707 | Y24: =AJ12 -> 56026768138 | Z24: =AK12 -> 27146825614 | AC24: 직접인건비 | AD24: 1445166144 | AE24: 1520208795 | AF24: 1508590795 | AG24: 837340604 | AH24: 1004957948 | AI24: 1071886337 | AJ24: 1049398543 | AK24: 571690089 | AL24: 652969923 | AM24: 725152664 | AN24: 758458942 | AO24: 358344068 | AP24: 151093749 | AQ24: 186630451 | AR24: 189043006 | AS24: 136875448 | AT24: 80177168 | AU24: 212329393 | AV24: 217291539 | AW24: 135214526 | AX24: 0 | AY24: 0 | AZ24: 353937 | BA24: 117888 | BB24: 410159 | BC24: 536633 | BD24: 161304 | BE24: 46202 | BF24: 3334775091 | BG24: 3716744273 | BH24: 3723298066 | BI24: 2039628825 | BJ24: =BF24/BF$12 -> 0.0063090569 | BK24: =BG24/BG$12 -> 0.0066879161 | BL24: =BH24/BH$12 -> 0.0063681791 | BM24: =BI24/BI$12 -> 0.0067110041
B25: 매출원가 | C25: =Q8+Q88 -> 314982553442 | D25: =R8+R88 -> 347704095664 | E25: =S8+S88 -> 377756495497 | F25: =T8+T88 -> 199909703237 | H25: 재료비 | I25: =W8+W88 -> 237884897260 | J25: =X8+X88 -> 257151854227 | K25: =Y8+Y88 -> 279778853422 | L25: =Z8+Z88 -> 147483221913 | M25: =K25/K24 -> 0.67213208 | P25: 매출원가 | Q25: =AH36 -> 55935615384 | R25: =AI36 -> 51932549254 | S25: =AJ36 -> 45883493025 | T25: =AK36 -> 22633361107 | V25: 재료비 | W25: =AH13 -> 40702372545 | X25: =AI13 -> 37569239939 | Y25: =AJ13 -> 30577437749 | Z25: =AK13 -> 14033459273 | AA25: =Y25/Y24 -> 0.5457648 | AC25: 간접인건비_AF | AD25: 14452408690 | AE25: 15282110755 | AF25: 17535244670 | AG25: 9363201931 | AH25: 2891329613 | AI25: 2739837757 | AJ25: 2940617220 | AK25: 1852498122 | AL25: 2586014584 | AM25: 2890627672 | AN25: 2365722081 | AO25: 1124754393 | AP25: 3248439152 | AQ25: 3559770712 | AR25: 3941688876 | AS25: 2504103698 | AT25: 2170966490 | AU25: 2314237036 | AV25: 2295579918 | AW25: 1155628490 | AX25: 354379091 | AY25: 1637897875 | AZ25: 1794082994 | BA25: 1257992639 | BB25: 1923227 | BC25: 3591413 | BD25: -13470486 | BE25: 437338 | BF25: 25705460847 | BG25: 28428073220 | BH25: 30859465273 | BI25: 17258616611 | BJ25: =BF25/BF$12 -> 0.048632129 | BK25: =BG25/BG$12 -> 0.051153524 | BL25: =BH25/BH$12 -> 0.052780787 | BM25: =BI25/BI$12 -> 0.05678614
B26: 매출총이익 | C26: =C24-C25 -> 34385708010 | D26: =D24-D25 -> 35999535398 | E26: =E24-E25 -> 38499270640 | F26: =F24-F25 -> 20286557859 | H26: 직접인건비 | I26: =W9+W89 -> 1445166144 | J26: =X9+X89 -> 1520208795 | K26: =Y9+Y89 -> 1508944732 | L26: =Z9+Z89 -> 837458492 | P26: 매출총이익 | Q26: =Q24-Q25 -> 13713865776 | R26: =R24-R25 -> 11615157453 | S26: =S24-S25 -> 10143275113 | T26: =T24-T25 -> 4513464507 | V26: 직접인건비 | W26: =AH24 -> 1004957948 | X26: =AI24 -> 1071886337 | Y26: =AJ24 -> 1049398543 | Z26: =AK24 -> 571690089 | AC26: 4.제조경비 합계 | AD26: 59176899395 | AE26: 68755517514 | AF26: 72820542206 | AG26: 38647288223 | AH26: 11336955278 | AI26: 10551585221 | AJ26: 11316039513 | AK26: 6175713623 | AL26: 10319637768 | AM26: 8645564890 | AN26: 6271873558 | AO26: 2797733352 | AP26: 8094232448 | AQ26: 8241409388 | AR26: 9531167938 | AS26: 5351428596 | AT26: 3792410229 | AU26: 3840255398 | AV26: 4240421828 | AW26: 2577496483 | AX26: 1668802862 | AY26: 3356506498 | AZ26: 4318827473 | BA26: 2320540039 | BB26: 27832040 | BC26: 16353947 | BD26: 15143191 | BE26: 15625506 | BF26: 94416770020 | BG26: 103407192856 | BH26: 108514015707 | BI26: 57885825822 | BJ26: =BF26/BF$12 -> 0.17862697 | BK26: =BG26/BG$12 -> 0.18607108 | BL26: =BH26/BH$12 -> 0.185598 | BM26: =BI26/BI$12 -> 0.19046211
B27: 매출총이익% | C27: =C26/C24 -> 0.098422529 | D27: =D26/D24 -> 0.093821201 | E27: =E26/E24 -> 0.092489459 | F27: =F26/F24 -> 0.092129438 | H27: 외주비 | I27: =W10+W90 -> 31681318813 | J27: =X10+X90 -> 37090176654 | K27: =Y10+Y90 -> 38774191908 | L27: =Z10+Z90 -> 21390807068 | P27: 매출총이익% | Q27: =Q26/Q$24 -> 0.19689832 | R27: =R26/R$24 -> 0.18277855 | S27: =S26/S$24 -> 0.18104337 | T27: =T26/T$24 -> 0.16626123 | V27: 외주비 | W27: =SUM(AH27:AH28) -> 4638314703 | X27: =SUM(AI27:AI28) -> 4440225075 | Y27: =SUM(AJ27:AJ28) -> 4671184444 | Z27: =SUM(AK27:AK28) -> 2648484755 | AC27: 외주조립비(Ex) | AD27: 30914895929 | AE27: 36837932975 | AF27: 38475725494 | AG27: 21238818686 | AH27: 3464466976 | AI27: 3446071067 | AJ27: 3635177576 | AK27: 2114484884 | AL27: 2004541301 | AM27: 1574194273 | AN27: 1207310175 | AO27: 514410377 | AP27: 2572891782 | AQ27: 3200256388 | AR27: 4088524433 | AS27: 2143522840 | AT27: 986636444 | AU27: 998221638 | AV27: 1161037993 | AW27: 847181313 | AX27: 0 | AY27: 0 | AZ27: 5496434 | BA27: 899440 | BB27: 13316 | BC27: 824826 | BD27: 13557868 | BE27: 2386376 | BF27: 39943445748 | BG27: 46057501167 | BH27: 48586829973 | BI27: 26861703916 | BJ27: =(BF27+BF28)/BF12 -> 0.080996498 | BK27: =(BG27+BG28)/BG12 -> 0.086186127 | BL27: =(BH27+BH28)/BH12 -> 0.086039366 | BM27: =(BI27+BI28)/BI12 -> 0.091129844
B28: 판매관리비 | C28: =Q11+Q91 -> 29746723493 | D28: =R11+R91 -> 29613566321 | E28: =S11+S91 -> 33282505429 | F28: =T11+T91 -> 16089292544 | H28: 판매비 | I28: =W11+W91 -> 19714153292 | J28: =X11+X91 -> 20363100873 | K28: =Y11+Y91 -> 22294863091 | L28: =Z11+Z91 -> 10303078162 | P28: 판매관리비 | Q28: =AH41 -> 5633467235 | R28: =AI41 -> 4386481321 | S28: =AJ41 -> 3970390857 | T28: =AK41 -> 1899258526 | V28: 판매비 | W28: =SUM(AH42:AH45) -> 3069867617 | X28: =SUM(AI42:AI45) -> 2506225699 | Y28: =SUM(AJ42:AJ45) -> 2225165274 | Z28: =SUM(AK42:AK45) -> 1190511114 | AC28: 외주조립(무상) | AD28: 762522881 | AE28: 252243679 | AF28: 292848106 | AG28: 151088942 | AH28: 1173847727 | AI28: 994154008 | AJ28: 1036006868 | AK28: 533999871 | AL28: 696060813 | AM28: 535207820 | AN28: 330082419 | AO28: 119730427 | AP28: 156694766 | AQ28: 7807916 | AR28: 2863694 | AS28: 1930461 | AT28: 48231631 | AU28: 42164854 | AV28: 35106930 | AW28: 16035538 | AX28: 3900003 | AY28: 0 | AZ28: 121874 | BA28: 0 | BB28: 27575873 | BC28: 8022148 | BD28: 20976051 | BE28: 11970768 | BF28: 2868833694 | BG28: 1839600425 | BH28: 1718005942 | BI28: 834756007 | BJ28: =(BF27+BF28)/BF36 -> 0.089993637 | BK28: =(BG27+BG28)/BG36 -> 0.095900588 | BL28: =(BH27+BH28)/BH36 -> 0.095961667 | BM28: =(BI27+BI28)/BI36 -> 0.10144662
B29: 영업이익 | C29: =C26-C28 -> 4638984517 | D29: =D26-D28 -> 6385969077 | E29: =E26-E28 -> 5216765211 | F29: =F26-F28 -> 4197265315 | H29: 공헌이익 | I29: =I24-SUM(I25:I28) -> 58642725943 | J29: =J24-SUM(J25:J28) -> 67578290513 | K29: =K24-SUM(K25:K28) -> 73898912984 | L29: =L24-SUM(L25:L28) -> 40181695461 | P29: 영업이익 | Q29: =Q26-Q28 -> 8080398541 | R29: =R26-R28 -> 7228676132 | S29: =S26-S28 -> 6172884256 | T29: =T26-T28 -> 2614205981 | V29: 공헌이익 | W29: =W24-SUM(W25:W28) -> 20233968347 | X29: =X24-SUM(X25:X28) -> 17960129657 | Y29: =Y24-SUM(Y25:Y28) -> 17503582128 | Z29: =Z24-SUM(Z25:Z28) -> 8702680383 | AC29: 설비관리비 | AD29: 8696275869 | AE29: 8835499078 | AF29: 8883000531 | AG29: 4322323997 | AH29: 3220861350 | AI29: 2976608543 | AJ29: 3164262521 | AK29: 1653038085 | AL29: 2521309987 | AM29: 2289752101 | AN29: 1707557269 | AO29: 741372853 | AP29: 1611583267 | AQ29: 1293504907 | AR29: 1319140408 | AS29: 829653446 | AT29: 791826928 | AU29: 719191097 | AV29: 793069243 | AW29: 489902698 | AX29: 139773133 | AY29: 322897695 | AZ29: 446332086 | BA29: 460763180 | BB29: 166614 | BC29: 3999557 | BD29: -2339723 | BE29: 805916 | BF29: 16981797148 | BG29: 16441452978 | BH29: 16311022335 | BI29: 8497860175 | BJ29: =(BF27+BF28)/BF6 -> 0.082435216 | BK29: =(BG27+BG28)/BG6 -> 0.090581576 | BL29: =(BH27+BH28)/BH6 -> 0.093822316 | BM29: =(BI27+BI28)/BI6 -> 0.099196798
B30: 영업이익% | C30: =C29/C24 -> 0.013278208 | D30: =D29/D24 -> 0.016642973 | E30: =E29/E24 -> 0.012532596 | F30: =F29/F24 -> 0.019061474 | H30: 공헌이익% | I30: =I29/I24 -> 0.16785362 | J30: =J29/J24 -> 0.17612106 | K30: =K29/K24 -> 0.17753247 | L30: =L29/L24 -> 0.18248128 | P30: 영업이익% | Q30: =Q29/Q$24 -> 0.1160152 | R30: =R29/R$24 -> 0.11375196 | S30: =S29/S$24 -> 0.11017741 | T30: =T29/T$24 -> 0.096298772 | V30: 공헌이익% | W30: =W29/W$24 -> 0.2905114 | X30: =X29/X$24 -> 0.28262436 | Y30: =Y29/Y$24 -> 0.31241463 | Z30: =Z29/Z$24 -> 0.3205782 | AC30: 연구개발비 | AD30: 2396504452 | AE30: 2570390228 | AF30: 3036207304 | AG30: 1323764936 | AH30: 273598619 | AI30: 173833724 | AJ30: 210137689 | AK30: 97697489 | AL30: 2293056963 | AM30: 1518417251 | AN30: 612343695 | AO30: 163120330 | AP30: 1328656227 | AQ30: 1055640261 | AR30: 992074466 | AS30: 512608689 | AT30: 429186349 | AU30: 459691319 | AV30: 526438893 | AW30: 234843192 | AX30: 144017232 | AY30: 119235230 | AZ30: 213452109 | BA30: 68515527 | BB30: -466 | BC30: 1146816 | BD30: -3311278 | BE30: 102117 | BF30: 6865019376 | BG30: 5898354829 | BH30: 5587342878 | BI30: 2400652280
AC31: 제조공통비 | AD31: 10643737180 | AE31: 12762486030 | AF31: 14734530846 | AG31: 7761834307 | AH31: 2651990905 | AI31: 2504213403 | AJ31: 2834756463 | AK31: 1561009202 | AL31: 2470471382 | AM31: 2534223827 | AN31: 2125881731 | AO31: 1069828950 | AP31: 2219255953 | AQ31: 2499389337 | AR31: 2943286617 | AS31: 1764859319 | AT31: 1442228048 | AU31: 1486421283 | AV31: 1552059072 | AW31: 872888999 | AX31: 344416445 | AY31: 1716183161 | AZ31: 2162124501 | BA31: 1007525326 | BB31: 69784 | BC31: 2324471 | BD31: -9104901 | BE31: 352027 | BF31: 19772169697 | BG31: 23505241512 | BH31: 26343534329 | BI31: 14038298130
H32: 고정매출원가 | I32: =C25-SUM(I25:I27) -> 43971171225 | J32: =D25-SUM(J25:J27) -> 51941855988 | K32: =E25-SUM(K25:K27) -> 57694505435 | L32: =F25-SUM(L25:L27) -> 30198215764
H33: 고정판관비 | I33: =C28-I28 -> 10032570201 | J33: =D28-J28 -> 9250465448 | K33: =E28-K28 -> 10987642338 | L33: =F28-L28 -> 5786214382
H34: 영업이익 | I34: =I29-I32-I33 -> 4638984517 | J34: =J29-J32-J33 -> 6385969077 | K34: =K29-K32-K33 -> 5216765211 | L34: =L29-L32-L33 -> 4197265315
AC35: 금형상각비 | AD35: 5762963084 | AE35: 7496965524 | AF35: 7398229925 | AG35: 3849457355 | AH35: 552189701 | AI35: 456704476 | AJ35: 435698396 | AK35: 215484092 | AL35: 334197322 | AM35: 193769618 | AN35: 288698269 | AO35: 189270415 | AP35: 205150453 | AQ35: 184810579 | AR35: 185278320 | AS35: 98853841 | AT35: 94300829 | AU35: 134565207 | AV35: 172709697 | AW35: 116644743 | AX35: 1036696049 | AY35: 1198190412 | AZ35: 1491300469 | BA35: 782836566 | BB35: 6919 | BC35: 36129 | BD35: -4634826 | BE35: 8302 | BF35: 7985504357 | BG35: 9665041945 | BH35: 9967280250 | BI35: 5252555314
E36: =E41-C41 -> 7830235609 | S36: =S41-Q41 -> -13207630187 | AC36: 5.매출원가 합계 | AD36: 269960864470 | AE36: 296358237035 | AF36: 322622742567 | AG36: 170152050497 | AH36: 55935615384 | AI36: 51932549254 | AJ36: 45883493025 | AK36: 22633361107 | AL36: 39903776435 | AM36: 33346355280 | AN36: 27471992170 | AO36: 10806206958 | AP36: 40184182492 | AQ36: 39007039367 | AR36: 41144640402 | AS36: 22107508735 | AT36: 20444683282 | AU36: 20280585202 | AV36: 21913518791 | AW36: 13184938671 | AX36: 45021688972 | AY36: 51345858629 | AZ36: 55133752930 | BA36: 29757652740 | BB36: 4274815175 | BC36: 7174715631 | BD36: 10047890073 | BE36: 4373390657 | BF36: 475725626210 | BG36: 499445340398 | BH36: 524218029958 | BI36: 273015109365 | BJ36: =BF36/BF$12 -> 0.90002472 | BK36: =BG36/BG$12 -> 0.89870281 | BL36: =BH36/BH$12 -> 0.89660141 | BM36: =BI36/BI$12 -> 0.89830341
B37: ECU, 전력제어 | H37: ECU, 전력제어 | AC37: 매출원가(반,제품) | AD37: 266371959648 | AE37: 285474498228 | AF37: 296774206703 | AG37: 157877720313 | AH37: 55657882275 | AI37: 50852780537 | AJ37: 45283672925 | AK37: 22639084240 | AL37: 39685616450 | AM37: 32574483861 | AN37: 24522340269 | AO37: 10319903753 | AP37: 40012334678 | AQ37: 37476657866 | AR37: 39871587392 | AS37: 21060312444 | AT37: 20514639416 | AU37: 20212712772 | AV37: 21473449525 | AW37: 12955122216 | AX37: 45013388477 | AY37: 48933333759 | AZ37: 54461919812 | BA37: 29141807146 | BB37: 922119518 | BC37: 274888081 | BD37: 374399993 | BE37: 145345028 | BF37: 468177940462 | BG37: 475799355104 | BH37: 482761576619 | BI37: 254139295140
B38: 사업부별 마진분석_BCS | H38: 사업부별 CM분석_BCS | P38: 사업부별 마진분석_BCS | V38: 사업부별 CM분석_BCS | AC38: 매출원가(원자재외) | AD38: 2517688933 | AE38: 4603083969 | AF38: 7049907131 | AG38: 4092836283 | AH38: 219759182 | AI38: 198940782 | AJ38: 73205541 | AK38: 34589287 | AL38: 0 | AM38: 126185779 | AN38: 236343333 | AO38: 307809485 | AP38: 63420644 | AQ38: 211482355 | AR38: 141414834 | AS38: 415545819 | AT38: 0 | AU38: 3903587 | AV38: 910531 | AW38: 4545941 | AX38: 4355501 | AY38: 8679801 | AZ38: 2890847 | BA38: 3332730 | BB38: 2354667753 | BC38: 4328653660 | BD38: 4887011142 | BE38: 3003309984 | BF38: 5159892013 | BG38: 9480929933 | BH38: 12391683359 | BI38: 7861969529
C39: 2012년 | D39: 2013년 | E39: 2014년 | F39: 2015년 | I39: 2012년 | J39: 2013년 | K39: 2014년 | L39: 2015년 | Q39: 2012년 | R39: 2013년 | S39: 2014년 | T39: 2015년 | W39: 2012년 | X39: 2013년 | Y39: 2014년 | Z39: 2015년 | AC39: 매출원가(금형/설비) | AD39: 144353380 | AE39: 151487903 | AF39: 5035230767 | AG39: 1885539955 | AH39: 0 | AI39: 0 | AJ39: 0 | AK39: 0 | AL39: 88000000 | AM39: 307500000 | AN39: 1651535597 | AO39: 0 | AP39: 0 | AQ39: 0 | AR39: 0 | AS39: 0 | AT39: 0 | AU39: 0 | AV39: 0 | AW39: 0 | AX39: 0 | AY39: 0 | AZ39: 251346290 | BA39: 129000000 | BB39: 755338050 | BC39: 2238830294 | BD39: 4473291074 | BE39: 523409512 | BF39: 987691430 | BG39: 2697818197 | BH39: 11411403728 | BI39: 2537949467
B40: 백만원 | C40: 12개월 | D40: 12개월 | E40: 12개월 | F40: 6개월 | H40: 백만원 | I40: 12개월 | J40: 12개월 | K40: 12개월 | L40: 6개월 | P40: 백만원 | Q40: 12개월 | R40: 12개월 | S40: 12개월 | T40: 6개월 | V40: 백만원 | W40: 12개월 | X40: 12개월 | Y40: 12개월 | Z40: 6개월 | AC40: 6.매출총이익 | AD40: 31689605374 | AE40: 33170901641 | AF40: 35195810923 | AG40: 19513107273 | AH40: 13713865776 | AI40: 11615157453 | AJ40: 10143275113 | AK40: 4513464507 | AL40: 264993025 | AM40: 40130736 | AN40: -510852897 | AO40: -445281472 | AP40: 3315440828 | AQ40: 5059909656 | AR40: 7587318641 | AS40: 3455748707 | AT40: 684604582 | AU40: 1125273294 | AV40: 1813668959 | AW40: 1706739035 | AX40: 2696102636 | AY40: 2828633757 | AZ40: 3303459717 | BA40: 773450586 | BB40: 479271919 | BC40: 2454921190 | BD40: 2921610490 | BE40: 1390708948 | BF40: 52843884140 | BG40: 56294927727 | BH40: 60454290946 | BI40: 30907937584
B41: 매출 | C41: =Q59+Q73 -> 64628911184 | D41: =R59+R73 -> 65472807519 | E41: =S59+S73 -> 72459146793 | F41: =T59+T73 -> 40454935148 | H41: 매출 | I41: =W59+W73 -> 64628911184 | J41: =X59+X73 -> 65472807519 | K41: =Y59+Y73 -> 72459146793 | L41: =Z59+Z73 -> 40454935148 | P41: 매출 | Q41: =AL12 -> 40168769460 | R41: =AM12 -> 33386486016 | S41: =AN12 -> 26961139273 | T41: =AO12 -> 10360925486 | V41: 매출 | W41: =AL12 -> 40168769460 | X41: =AM12 -> 33386486016 | Y41: =AN12 -> 26961139273 | Z41: =AO12 -> 10360925486 | AC41: 7.판매관리비 합계 | AD41: 29398219654 | AE41: 29088772983 | AF41: 30757672015 | AG41: 14231381521 | AH41: 5633467235 | AI41: 4386481321 | AJ41: 3970390857 | AK41: 1899258526 | AL41: 3503533352 | AM41: 2920661045 | AN41: 2199843155 | AO41: 575601272 | AP41: 2672423786 | AQ41: 2801522542 | AR41: 3119509017 | AS41: 1488337724 | AT41: 1954685137 | AU41: 1251438652 | AV41: 1175129955 | AW41: 703044517 | AX41: 348503839 | AY41: 524793338 | AZ41: 2524833414 | BA41: 1857911023 | BB41: 281176820 | BC41: 388075589 | BD41: 500449287 | BE41: 222536089 | BF41: 43792009823 | BG41: 41361745470 | BH41: 44247827700 | BI41: 20978070672
B42: 매출원가 | C42: =Q60+Q74 -> 60628865774 | D42: =R60+R74 -> 59287624569 | E42: =S60+S74 -> 63058159193 | F42: =T60+T74 -> 35292447406 | H42: 재료비 | I42: =W60+W74 -> 43091546538 | J42: =X60+X74 -> 40932992191 | K42: =Y60+Y74 -> 42642966088 | L42: =Z60+Z74 -> 23431700165 | M42: =K42/K41 -> 0.58851046 | P42: 매출원가 | Q42: =AL36 -> 39903776435 | R42: =AM36 -> 33346355280 | S42: =AN36 -> 27471992170 | T42: =AO36 -> 10806206958 | V42: 재료비 | W42: =AL13 -> 26345154160 | X42: =AM13 -> 21085010054 | Y42: =AN13 -> 18075937589 | Z42: =AO13 -> 6525375145 | AA42: =Y42/Y41 -> 0.67044413 | AC42: 판매_인건비 | AD42: 3046375698 | AE42: 4052523427 | AF42: 4632764892 | AG42: 2321317962 | AH42: 887959477 | AI42: 799010565 | AJ42: 678774538 | AK42: 269729173 | AL42: 487496219 | AM42: 430291388 | AN42: 270005681 | AO42: 108900037 | AP42: 271576898 | AQ42: 407556457 | AR42: 376268104 | AS42: 167285589 | AT42: 400026589 | AU42: 170137799 | AV42: 156631398 | AW42: 87780029 | AX42: 208514371 | AY42: 184991 | AZ42: 456987034 | BA42: 175751418 | BB42: 661 | BC42: 8341 | BD42: 90955691 | BE42: 29490768 | BF42: 5301949913 | BG42: 5859712968 | BH42: 6662387338 | BI42: 3160254976
B43: 매출총이익 | C43: =C41-C42 -> 4000045410 | D43: =D41-D42 -> 6185182950 | E43: =E41-E42 -> 9400987600 | F43: =F41-F42 -> 5162487742 | H43: 직접인건비 | I43: =W61+W75 -> 231270917 | J43: =X61+X75 -> 398959844 | K43: =Y61+Y75 -> 406334545 | L43: =Z61+Z75 -> 272089974 | P43: 매출총이익 | Q43: =Q41-Q42 -> 264993025 | R43: =R41-R42 -> 40130736 | S43: =S41-S42 -> -510852897 | T43: =T41-T42 -> -445281472 | V43: 직접인건비 | W43: =AL24 -> 652969923 | X43: =AM24 -> 725152664 | Y43: =AN24 -> 758458942 | Z43: =AO24 -> 358344068 | AC43: 고객 CLAIM | AD43: 8305617220 | AE43: 6941664546 | AF43: 5795078781 | AG43: 2135787436 | AH43: 29010275 | AI43: 35358062 | AJ43: 29483947 | AK43: 114946763 | AL43: 527274288 | AM43: 453709820 | AN43: 746187766 | AO43: -32917513 | AP43: 62126931 | AQ43: 75110237 | AR43: 403370108 | AS43: 196325735 | AT43: 4840355 | AU43: 21915932 | AV43: 39010339 | AW43: 21586975 | AX43: -7505403 | AY43: 64904630 | AZ43: 126173778 | BA43: 673448944 | BB43: 85607342 | BC43: 53669587 | BD43: 19885330 | BE43: 12049660 | BF43: 9006971008 | BG43: 7646332814 | BH43: 7159190049 | BI43: 3121228000
B44: 매출총이익% | C44: =C43/C41 -> 0.061892508 | D44: =D43/D41 -> 0.094469493 | E44: =E43/E41 -> 0.1297419 | F44: =F43/F41 -> 0.12761083 | H44: 외주비 | I44: =W62+W76 -> 3764454623 | J44: =X62+X76 -> 4248450796 | K44: =Y62+Y76 -> 5287533050 | L44: =Z62+Z76 -> 3008670152 | P44: 매출총이익% | Q44: =Q43/Q41 -> 0.0065969914 | R44: =R43/R41 -> 0.0012020054 | S44: =S43/S41 -> -0.018947749 | T44: =T43/T41 -> -0.042976998 | V44: 외주비 | W44: =SUM(AL27:AL28) -> 2700602114 | X44: =SUM(AM27:AM28) -> 2109402093 | Y44: =SUM(AN27:AN28) -> 1537392594 | Z44: =SUM(AO27:AO28) -> 634140804 | AC44: 판매_물류비 | AD44: 5991899391 | AE44: 6065457720 | AF44: 7116353094 | AG44: 2733931454 | AH44: 1643243113 | AI44: 1112557770 | AJ44: 972045923 | AK44: 555494650 | AL44: 540843583 | AM44: 406498266 | AN44: 293920528 | AO44: 83329658 | AP44: 413539069 | AQ44: 348373604 | AR44: 352093870 | AS44: 170443759 | AT44: 340596474 | AU44: 229049220 | AV44: 231189177 | AW44: 119768748 | AX44: 115690103 | AY44: 318939470 | AZ44: 123510363 | BA44: 49380524 | BB44: 147769488 | BC44: 105694389 | BD44: 95720635 | BE44: 44414855 | BF44: 9193581221 | BG44: 8586570439 | BH44: 9184833590 | BI44: 3756763648
B45: 판매관리비 | C45: =Q63+Q77 -> 4627108923 | D45: =R63+R77 -> 4052961194 | E45: =S63+S77 -> 4294638972 | F45: =T63+T77 -> 2191382241 | H45: 판매비 | I45: =W63+W77 -> 1920528533 | J45: =X63+X77 -> 1708356454 | K45: =Y63+Y77 -> 2018034106 | L45: =Z63+Z77 -> 991809924 | P45: 판매관리비 | Q45: =AL41 -> 3503533352 | R45: =AM41 -> 2920661045 | S45: =AN41 -> 2199843155 | T45: =AO41 -> 575601272 | V45: 판매비 | W45: =SUM(AL42:AL45) -> 1861667836 | X45: =SUM(AM42:AM45) -> 1625098446 | Y45: =SUM(AN42:AN45) -> 1531288707 | Z45: =SUM(AO42:AO45) -> 261595798 | AC45: 판매_기타경비 | AD45: 2033823928 | AE45: 2919308084 | AF45: 3626836938 | AG45: 2059188895 | AH45: 509654752 | AI45: 559299302 | AJ45: 544860866 | AK45: 250340528 | AL45: 306053746 | AM45: 334598972 | AN45: 221174732 | AO45: 102283616 | AP45: 195999891 | AQ45: 335252400 | AR45: 339509388 | AS45: 151857755 | AT45: 231822326 | AU45: 120960805 | AV45: 119961722 | AW45: 76761334 | AX45: 19737984 | AY45: 118005 | AZ45: 417158211 | BA45: 154271529 | BB45: 597 | BC45: 5878 | BD45: 45241617 | BE45: 12039240 | BF45: 3297093224 | BG45: 4269543446 | BH45: 5314743474 | BI45: 2806742897
B46: 영업이익 | C46: =C43-C45 -> -627063513 | D46: =D43-D45 -> 2132221756 | E46: =E43-E45 -> 5106348628 | F46: =F43-F45 -> 2971105501 | H46: 공헌이익 | I46: =I41-SUM(I42:I45) -> 15621110573 | J46: =J41-SUM(J42:J45) -> 18184048234 | K46: =K41-SUM(K42:K45) -> 22104279004 | L46: =L41-SUM(L42:L45) -> 12750664933 | P46: 영업이익 | Q46: =Q43-Q45 -> -3238540327 | R46: =R43-R45 -> -2880530309 | S46: =S43-S45 -> -2710696052 | T46: =T43-T45 -> -1020882744 | V46: 공헌이익 | W46: =W41-SUM(W42:W45) -> 8608375427 | X46: =X41-SUM(X42:X45) -> 7841822759 | Y46: =Y41-SUM(Y42:Y45) -> 5058061441 | Z46: =Z41-SUM(Z42:Z45) -> 2581469671 | AC46: 일반_인건비 | AD46: 3160645924 | AE46: 3481761570 | AF46: 4322664023 | AG46: 2653880685 | AH46: 826757167 | AI46: 749860795 | AJ46: 886563572 | AK46: 377054741 | AL46: 528006651 | AM46: 542287645 | AN46: 344844566 | AO46: 174187301 | AP46: 474611331 | AQ46: 553129520 | AR46: 667915121 | AS46: 369216057 | AT46: 294504294 | AU46: 284736605 | AV46: 301437055 | AW46: 193773367 | AX46: 11904 | AY46: 84398862 | AZ46: 710393609 | BA46: 433596134 | BB46: 1199205 | BC46: 83401050 | BD46: 110753644 | BE46: 69942197 | BF46: 5285736476 | BG46: 5779576047 | BH46: 7344571590 | BI46: 4271650482
B47: 영업이익% | C47: =C46/C41 -> -0.0097025232 | D47: =D46/D41 -> 0.032566524 | E47: =E46/E41 -> 0.070472105 | F47: =F46/F41 -> 0.07344235 | H47: 공헌이익% | I47: =I46/I41 -> 0.24170468 | J47: =J46/J41 -> 0.27773436 | K47: =K46/K41 -> 0.30505851 | L47: =L46/L41 -> 0.31518194 | P47: 영업이익% | Q47: =Q46/Q41 -> -0.080623339 | R47: =R46/R41 -> -0.086278332 | S47: =S46/S41 -> -0.10054086 | T47: =T46/T41 -> -0.098532003 | V47: 공헌이익% | W47: =W46/W41 -> 0.21430518 | X47: =X46/X41 -> 0.23488015 | Y47: =Y46/Y41 -> 0.18760563 | Z47: =Z46/Z41 -> 0.24915435 | AC47: 일반_경비 | AD47: 6859857493 | AE47: 5628057636 | AF47: 5263974287 | AG47: 2327275089 | AH47: 1736842451 | AI47: 1130394827 | AJ47: 858662011 | AK47: 331692671 | AL47: 1113858865 | AM47: 753274954 | AN47: 323709882 | AO47: 139818173 | AP47: 1254569666 | AQ47: 1082100324 | AR47: 980352426 | AS47: 433208829 | AT47: 682895099 | AU47: 424638291 | AV47: 326900264 | AW47: 203374064 | AX47: 12054880 | AY47: 56247380 | AZ47: 690610419 | BA47: 371462474 | BB47: 46599527 | BC47: 145296344 | BD47: 137892370 | BE47: 54599369 | BF47: 11706677981 | BG47: 9220009756 | BH47: 8582101659 | BI47: 3861430669
AC48: 8.영업이익 | AD48: 2291385720 | AE48: 4082128658 | AF48: 4438138908 | AG48: 5281725752 | AH48: 8080398541 | AI48: 7228676132 | AJ48: 6172884256 | AK48: 2614205981 | AL48: -3238540327 | AM48: -2880530309 | AN48: -2710696052 | AO48: -1020882744 | AP48: 643017042 | AQ48: 2258387114 | AR48: 4467809624 | AS48: 1967410983 | AT48: -1270080555 | AU48: -126165358 | AV48: 638539004 | AW48: 1003694518 | AX48: 2347598797 | AY48: 2303840419 | AZ48: 778626303 | BA48: -1084460437 | BB48: 198095099 | BC48: 2066845601 | BD48: 2421161203 | BE48: 1168172859 | BF48: 9051874317 | BG48: 14933182257 | BH48: 16206463246 | BI48: 9929866912
H49: 고정매출원가 | I49: =C42-SUM(I42:I44) -> 13541593696 | J49: =D42-SUM(J42:J44) -> 13707221738 | K49: =E42-SUM(K42:K44) -> 14721325510 | L49: =F42-SUM(L42:L44) -> 8579987115 | AC49: 기타영업수익 | AD49: -8664811552 | AE49: -8752111410 | AF49: -10957137106 | AG49: -3354627729 | AH49: -1575697256 | AI49: -1759991334 | AJ49: -1720128243 | AK49: -867675337 | AL49: -1445514590 | AM49: -798121809 | AN49: -576694105 | AO49: -417842017 | AP49: -629619386 | AQ49: -527308825 | AR49: -423609871 | AS49: -221371046 | AT49: -413837461 | AU49: -474473662 | AV49: -298044045 | AW49: -159363317 | AX49: -141291187 | AY49: -72740852 | AZ49: -513889781 | BA49: -124264940 | BB49: -168939263 | BC49: -224154723 | BD49: -141594013 | BE49: -68280000 | BF49: -13039710695 | BG49: -12608902615 | BH49: -14631097164 | BI49: -5213424386
H50: 고정판관비 | I50: =C45-I45 -> 2706580390 | J50: =D45-J45 -> 2344604740 | K50: =E45-K45 -> 2276604866 | L50: =F45-L45 -> 1199572317
H51: 영업이익 | I51: =I46-I49-I50 -> -627063513 | J51: =J46-J49-J50 -> 2132221756 | K51: =K46-K49-K50 -> 5106348628 | L51: =L46-L49-L50 -> 2971105501
E54: =E59-C59 -> -18614929740 | S54: =S59-Q59 -> 5232335723 | AC54: 기타영업비용 | AD54: 5054927633 | AE54: 6505847544 | AF54: 4464933686 | AG54: 2183153459 | AH54: 1099773470 | AI54: 1144967600 | AJ54: 815706853 | AK54: 444802177 | AL54: 1022476549 | AM54: 921791767 | AN54: 540779698 | AO54: 426830829 | AP54: 578912870 | AQ54: 375599177 | AR54: 433080545 | AS54: 186878836 | AT54: 598762278 | AU54: 390695349 | AV54: 163157028 | AW54: 121413135 | AX54: 80340222 | AY54: 196953035 | AZ54: 252516279 | BA54: 291386191 | BB54: 175590753 | BC54: 35522333 | BD54: 60802691 | BE54: 89446026 | BF54: 8610783775 | BG54: 9571376805 | BH54: 6730976780 | BI54: 3743910653
B55: 릴레이, BCS, 부품사업 | H55: 릴레이, BCS, 부품사업 | AC55: 9.조정영업이익 | AD55: 5901269639 | AE55: 6328392524 | AF55: 10930342328 | AG55: 6453200022 | AH55: 8556322327 | AI55: 7843699866 | AJ55: 7077305646 | AK55: 3037079141 | AL55: -2815502286 | AM55: -3004200267 | AN55: -2674781645 | AO55: -1029871556 | AP55: 693723558 | AQ55: 2410096762 | AR55: 4458338950 | AS55: 2001903193 | AT55: -1455005372 | AU55: -42387045 | AV55: 773426021 | AW55: 1041644700 | AX55: 2408549762 | AY55: 2179628236 | AZ55: 1039999805 | BA55: -1251581688 | BB55: 191443609 | BC55: 2255477991 | BD55: 2501952525 | BE55: 1147006833 | BF55: 13480801237 | BG55: 17970708067 | BH55: 24106583630 | BI55: 11399380645
B56: 사업부별 마진분석_MC | H56: 사업부별 CM분석_MC | P56: 사업부별 마진분석_ECU | V56: 사업부별 CM분석_ECU | AC56: 영업외수익 | AD56: -3353045226 | AE56: -4177433063 | AF56: -2291731151 | AG56: -3187113919 | AH56: -872306104 | AI56: -830727117 | AJ56: -398167438 | AK56: -434983427 | AL56: -538379746 | AM56: -504972669 | AN56: -179738409 | AO56: -190880506 | AP56: -501627995 | AQ56: -614589286 | AR56: -295891014 | AS56: -420186547 | AT56: -293541948 | AU56: -282423863 | AV56: -139100650 | AW56: -234261688 | AX56: -1202 | AY56: -23977231 | AZ56: -325253762 | BA56: -476386165 | BB56: -2175880 | BC56: -64710344 | BD56: -60184446 | BE56: -95885541 | BF56: -5561078101 | BG56: -6498833573 | BH56: -3690066870 | BI56: -5039697793
C57: 2012년 | D57: 2013년 | E57: 2014년 | F57: 2015년 | I57: 2012년 | J57: 2013년 | K57: 2014년 | L57: 2015년 | Q57: 2012년 | R57: 2013년 | S57: 2014년 | T57: 2015년 | W57: 2012년 | X57: 2013년 | Y57: 2014년 | Z57: 2015년 | AC57: 영업외비용 | AD57: 8513704335 | AE57: 7935315008 | AF57: 7338360328 | AG57: 3656649927 | AH57: 2125250541 | AI57: 1382167601 | AJ57: 1203404020 | AK57: 524011608 | AL57: 1398922326 | AM57: 822729900 | AN57: 584508756 | AO57: 268751095 | AP57: 1234030504 | AQ57: 1264385369 | AR57: 1151664190 | AS57: 567826421 | AT57: 745032423 | AU57: 458800731 | AV57: 428459286 | AW57: 236085306 | AX57: 1227 | AY57: 238929248 | AZ57: 544201642 | BA57: 271576408 | BB57: 3233289 | BC57: 126113251 | BD57: 150417142 | BE57: 69386016 | BF57: 14020174645 | BG57: 12228441108 | BH57: 11401015364 | BI57: 5594286781
B58: 백만원 | C58: 12개월 | D58: 12개월 | E58: 12개월 | F58: 6개월 | H58: 백만원 | I58: 12개월 | J58: 12개월 | K58: 12개월 | L58: 6개월 | P58: 백만원 | Q58: 12개월 | R58: 12개월 | S58: 12개월 | T58: 6개월 | V58: 백만원 | W58: 12개월 | X58: 12개월 | Y58: 12개월 | Z58: 6개월 | AC58: 10.세전이익 | AD58: 740610530 | AE58: 2570510579 | AF58: 5883713151 | AG58: 5983664014 | AH58: 7303377890 | AI58: 7292259382 | AJ58: 6272069064 | AK58: 2948050960 | AL58: -3676044866 | AM58: -3321957498 | AN58: -3079551992 | AO58: -1107742145 | AP58: -38678951 | AQ58: 1760300679 | AR58: 3602565774 | AS58: 1854263319 | AT58: -1906495847 | AU58: -218763913 | AV58: 484067385 | AW58: 1039821082 | AX58: 2408549737 | AY58: 1964676219 | AZ58: 821051925 | BA58: -1046771931 | BB58: 190386200 | BC58: 2194075084 | BD58: 2411719829 | BE58: 1173506358 | BF58: 5021704693 | BG58: 12241100532 | BH58: 16395635136 | BI58: 10844791657
B59: 매출 | C59: =Q24+Q41+Q101 -> 114572337714 | D59: =R24+R41+R101 -> 106563829544 | E59: =S24+S41+S101 -> 95957407974 | F59: =T24+T41+T101 -> 43271850705 | H59: 매출 | I59: =W24+W41+W101 -> 114572337714 | J59: =X24+X41+X101 -> 106563829544 | K59: =Y24+Y41+Y101 -> 95957407974 | L59: =Z24+Z41+Z101 -> 43271850705 | P59: 매출 | Q59: =AP12 -> 43499623320 | R59: =AQ12 -> 44066949023 | S59: =AR12 -> 48731959043 | T59: =AS12 -> 25563257442 | V59: 매출 | W59: =AP12 -> 43499623320 | X59: =AQ12 -> 44066949023 | Y59: =AR12 -> 48731959043 | Z59: =AS12 -> 25563257442
B60: 매출원가 | C60: =Q25+Q42+Q102 -> 100114206994 | D60: =R25+R42+R102 -> 92453620165 | E60: =S25+S42+S102 -> 83403375268 | F60: =T25+T42+T102 -> 37812958722 | H60: 재료비 | I60: =W25+W42+W102 -> 71292176454 | J60: =X25+X42+X102 -> 65808483631 | K60: =Y25+Y42+Y102 -> 58699431402 | L60: =Z25+Z42+Z102 -> 24916116029 | M60: =K60/K59 -> 0.61172381 | P60: 매출원가 | Q60: =AP36 -> 40184182492 | R60: =AQ36 -> 39007039367 | S60: =AR36 -> 41144640402 | T60: =AS36 -> 22107508735 | V60: 재료비 | W60: =AP13 -> 28690417143 | X60: =AQ13 -> 27019228816 | Y60: =AR13 -> 27482740582 | Z60: =AS13 -> 14115100993 | AA60: =Y60/Y59 -> 0.56395723
B61: 매출총이익 | C61: =C59-C60 -> 14458130720 | D61: =D59-D60 -> 14110209379 | E61: =E59-E60 -> 12554032706 | F61: =F59-F60 -> 5458891983 | H61: 직접인건비 | I61: =W26+W43+W103 -> 1658338030 | J61: =X26+X43+X103 -> 1797575634 | K61: =Y26+Y43+Y103 -> 1808018789 | L61: =Z26+Z43+Z103 -> 930080359 | P61: 매출총이익 | Q61: =Q59-Q60 -> 3315440828 | R61: =R59-R60 -> 5059909656 | S61: =S59-S60 -> 7587318641 | T61: =T59-T60 -> 3455748707 | V61: 직접인건비 | W61: =AP24 -> 151093749 | X61: =AQ24 -> 186630451 | Y61: =AR24 -> 189043006 | Z61: =AS24 -> 136875448
B62: 매출총이익% | C62: =C61/C59 -> 0.12619216 | D62: =D61/D59 -> 0.13241087 | E62: =E61/E59 -> 0.13082922 | F62: =F61/F59 -> 0.12615342 | H62: 외주비 | I62: =W27+W44+W104 -> 7366506006 | J62: =X27+X44+X104 -> 6558474142 | K62: =Y27+Y44+Y104 -> 6243110957 | L62: =Z27+Z44+Z104 -> 3296982703 | P62: 매출총이익% | Q62: =Q61/Q59 -> 0.076217691 | R62: =R61/R59 -> 0.11482324 | S62: =S61/S59 -> 0.15569492 | T62: =T61/T59 -> 0.13518421 | V62: 외주비 | W62: =SUM(AP27:AP28) -> 2729586548 | X62: =SUM(AQ27:AQ28) -> 3208064304 | Y62: =SUM(AR27:AR28) -> 4091388127 | Z62: =SUM(AS27:AS28) -> 2145453301
B63: 판매관리비 | C63: =Q28+Q45+Q105 -> 9418177407 | D63: =R28+R45+R105 -> 7695217955 | E63: =S28+S45+S105 -> 6670683299 | F63: =T28+T45+T105 -> 2697395887 | H63: 판매비 | I63: =W28+W45+W105 -> 5164913541 | J63: =X28+X45+X105 -> 4290702340 | K63: =Y28+Y45+Y105 -> 4008257254 | L63: =Z28+Z45+Z105 -> 1550101435 | P63: 판매관리비 | Q63: =AP41 -> 2672423786 | R63: =AQ41 -> 2801522542 | S63: =AR41 -> 3119509017 | T63: =AS41 -> 1488337724 | V63: 판매비 | W63: =SUM(AP42:AP45) -> 943242789 | X63: =SUM(AQ42:AQ45) -> 1166292698 | Y63: =SUM(AR42:AR45) -> 1471241470 | Z63: =SUM(AS42:AS45) -> 685912838
B64: 영업이익 | C64: =C61-C63 -> 5039953313 | D64: =D61-D63 -> 6414991424 | E64: =E61-E63 -> 5883349407 | F64: =F61-F63 -> 2761496096 | H64: 공헌이익 | I64: =I59-SUM(I60:I63) -> 29090403683 | J64: =J59-SUM(J60:J63) -> 28108593797 | K64: =K59-SUM(K60:K63) -> 25198589572 | L64: =L59-SUM(L60:L63) -> 12578570179 | P64: 영업이익 | Q64: =Q61-Q63 -> 643017042 | R64: =R61-R63 -> 2258387114 | S64: =S61-S63 -> 4467809624 | T64: =T61-T63 -> 1967410983 | V64: 공헌이익 | W64: =W59-SUM(W60:W63) -> 10985283091 | X64: =X59-SUM(X60:X63) -> 12486732754 | Y64: =Y59-SUM(Y60:Y63) -> 15497545858 | Z64: =Z59-SUM(Z60:Z63) -> 8479914862
B65: 영업이익% | C65: =C64/C59 -> 0.043989268 | D65: =D64/D59 -> 0.060198582 | E65: =E64/E59 -> 0.061312092 | F65: =F64/F59 -> 0.063817379 | H65: 공헌이익% | I65: =I64/I59 -> 0.25390425 | J65: =J64/J59 -> 0.26377237 | K65: =K64/K59 -> 0.26260182 | L65: =L64/L59 -> 0.29068713 | P65: 영업이익% | Q65: =Q64/Q59 -> 0.014782129 | R65: =R64/R59 -> 0.051249001 | S65: =S64/S59 -> 0.091681305 | T65: =T64/T59 -> 0.076962452 | V65: 공헌이익% | W65: =W64/W59 -> 0.25253743 | X65: =X64/X59 -> 0.28335823 | Y65: =Y64/Y59 -> 0.31801607 | Z65: =Z64/Z59 -> 0.33172278
H67: 고정매출원가 | I67: =C60-SUM(I60:I62) -> 19797186504 | J67: =D60-SUM(J60:J62) -> 18289086758 | K67: =E60-SUM(K60:K62) -> 16652814120 | L67: =F60-SUM(L60:L62) -> 8669779631
H68: 고정판관비 | I68: =C63-I63 -> 4253263866 | J68: =D63-J63 -> 3404515615 | K68: =E63-K63 -> 2662426045 | L68: =F63-L63 -> 1147294452 | S68: =S73-Q73 -> 2597899886
H69: 영업이익 | I69: =I64-I67-I68 -> 5039953313 | J69: =J64-J67-J68 -> 6414991424 | K69: =K64-K67-K68 -> 5883349407 | L69: =L64-L67-L68 -> 2761496096
P70: 사업부별 마진분석_전력제어 | V70: 사업부별 CM분석_전력제어
Q71: 2012년 | R71: 2013년 | S71: 2014년 | T71: 2015년 | W71: 2012년 | X71: 2013년 | Y71: 2014년 | Z71: 2015년
P72: 백만원 | Q72: 12개월 | R72: 12개월 | S72: 12개월 | T72: 6개월 | V72: 백만원 | W72: 12개월 | X72: 12개월 | Y72: 12개월 | Z72: 6개월
P73: 매출 | Q73: =AT12 -> 21129287864 | R73: =AU12 -> 21405858496 | S73: =AV12 -> 23727187750 | T73: =AW12 -> 14891677706 | V73: 매출 | W73: =AT12 -> 21129287864 | X73: =AU12 -> 21405858496 | Y73: =AV12 -> 23727187750 | Z73: =AW12 -> 14891677706
P74: 매출원가 | Q74: =AT36 -> 20444683282 | R74: =AU36 -> 20280585202 | S74: =AV36 -> 21913518791 | T74: =AW36 -> 13184938671 | V74: 재료비 | W74: =AT13 -> 14401129395 | X74: =AU13 -> 13913763375 | Y74: =AV13 -> 15160225506 | Z74: =AW13 -> 9316599172 | AA74: =Y74/Y73 -> 0.638939
P75: 매출총이익 | Q75: =Q73-Q74 -> 684604582 | R75: =R73-R74 -> 1125273294 | S75: =S73-S74 -> 1813668959 | T75: =T73-T74 -> 1706739035 | V75: 직접인건비 | W75: =AT24 -> 80177168 | X75: =AU24 -> 212329393 | Y75: =AV24 -> 217291539 | Z75: =AW24 -> 135214526
P76: 매출총이익% | Q76: =Q75/Q73 -> 0.032400741 | R76: =R75/R73 -> 0.052568473 | S76: =S75/S73 -> 0.076438429 | T76: =T75/T73 -> 0.11461026 | V76: 외주비 | W76: =SUM(AT27:AT28) -> 1034868075 | X76: =SUM(AU27:AU28) -> 1040386492 | Y76: =SUM(AV27:AV28) -> 1196144923 | Z76: =SUM(AW27:AW28) -> 863216851
P77: 판매관리비 | Q77: =AT41 -> 1954685137 | R77: =AU41 -> 1251438652 | S77: =AV41 -> 1175129955 | T77: =AW41 -> 703044517 | V77: 판매비 | W77: =SUM(AT42:AT45) -> 977285744 | X77: =SUM(AU42:AU45) -> 542063756 | Y77: =SUM(AV42:AV45) -> 546792636 | Z77: =SUM(AW42:AW45) -> 305897086
P78: 영업이익 | Q78: =Q75-Q77 -> -1270080555 | R78: =R75-R77 -> -126165358 | S78: =S75-S77 -> 638539004 | T78: =T75-T77 -> 1003694518 | V78: 공헌이익 | W78: =W73-SUM(W74:W77) -> 4635827482 | X78: =X73-SUM(X74:X77) -> 5697315480 | Y78: =Y73-SUM(Y74:Y77) -> 6606733146 | Z78: =Z73-SUM(Z74:Z77) -> 4270750071
P79: 영업이익% | Q79: =Q78/Q73 -> -0.060109956 | R79: =R78/R73 -> -0.0058939639 | S79: =S78/S73 -> 0.026911702 | T79: =T78/T73 -> 0.067399694 | V79: 공헌이익% | W79: =W78/W73 -> 0.21940292 | X79: =X78/X73 -> 0.26615683 | Y79: =Y78/Y73 -> 0.27844569 | Z79: =Z78/Z73 -> 0.2867877
S82: =S87-Q87 -> 10719421039
P84: 사업부별 마진분석_Roomlamp | V84: 사업부별 CM분석_Roomlamp
Q85: 2012년 | R85: 2013년 | S85: 2014년 | T85: 2015년 | W85: 2012년 | X85: 2013년 | Y85: 2014년 | Z85: 2015년
P86: 백만원 | Q86: 12개월 | R86: 12개월 | S86: 12개월 | T86: 6개월 | V86: 백만원 | W86: 12개월 | X86: 12개월 | Y86: 12개월 | Z86: 6개월
P87: 매출 | Q87: =AX12 -> 47717791608 | R87: =AY12 -> 54174492386 | S87: =AZ12 -> 58437212647 | T87: =BA12 -> 30531103326 | V87: 매출 | W87: =AX12 -> 47717791608 | X87: =AY12 -> 54174492386 | Y87: =AZ12 -> 58437212647 | Z87: =BA12 -> 30531103326
P88: 매출원가 | Q88: =AX36 -> 45021688972 | R88: =AY36 -> 51345858629 | S88: =AZ36 -> 55133752930 | T88: =BA36 -> 29757652740 | V88: 재료비 | W88: =AX13 -> 42998507019 | X88: =AY13 -> 46351454256 | Y88: =AZ13 -> 49020488526 | Z88: =BA13 -> 26179002174 | AA88: =Y88/Y87 -> 0.8388574
P89: 매출총이익 | Q89: =Q87-Q88 -> 2696102636 | R89: =R87-R88 -> 2828633757 | S89: =S87-S88 -> 3303459717 | T89: =T87-T88 -> 773450586 | V89: 직접인건비 | W89: =AX24 -> 0 | X89: =AY24 -> 0 | Y89: =AZ24 -> 353937 | Z89: =BA24 -> 117888
P90: 매출총이익% | Q90: =Q89/Q87 -> 0.056500994 | R90: =R89/R87 -> 0.052213387 | S90: =S89/S87 -> 0.05653007 | T90: =T89/T87 -> 0.025333201 | V90: 외주비 | W90: =SUM(AX27:AX28) -> 3900003 | X90: =SUM(AY27:AY28) -> 0 | Y90: =SUM(AZ27:AZ28) -> 5618308 | Z90: =SUM(BA27:BA28) -> 899440
P91: 판매관리비 | Q91: =AX41 -> 348503839 | R91: =AY41 -> 524793338 | S91: =AZ41 -> 2524833414 | T91: =BA41 -> 1857911023 | V91: 판매비 | W91: =SUM(AX42:AX45) -> 336437055 | X91: =SUM(AY42:AY45) -> 384147096 | Y91: =SUM(AZ42:AZ45) -> 1123829386 | Z91: =SUM(BA42:BA45) -> 1052852415
P92: 영업이익 | Q92: =Q89-Q91 -> 2347598797 | R92: =R89-R91 -> 2303840419 | S92: =S89-S91 -> 778626303 | T92: =T89-T91 -> -1084460437 | V92: 공헌이익 | W92: =W87-SUM(W88:W91) -> 4378947531 | X92: =X87-SUM(X88:X91) -> 7438891034 | Y92: =Y87-SUM(Y88:Y91) -> 8286922490 | Z92: =Z87-SUM(Z88:Z91) -> 3298231409
P93: 영업이익% | Q93: =Q92/Q87 -> 0.049197558 | R93: =R92/R87 -> 0.042526295 | S93: =S92/S87 -> 0.013324152 | T93: =T92/T87 -> -0.035519857 | V93: 공헌이익% | W93: =W92/W87 -> 0.091767607 | X93: =X92/X87 -> 0.13731353 | Y93: =Y92/Y87 -> 0.141809 | Z93: =Z92/Z87 -> 0.10802857
S96: =S101-Q101 -> 8215413469
P98: 사업부별 마진분석_부품사업 | V98: 사업부별 CM분석_부품사업
Q99: 2012년 | R99: 2013년 | S99: 2014년 | T99: 2015년 | W99: 2012년 | X99: 2013년 | Y99: 2014년 | Z99: 2015년
P100: 백만원 | Q100: 12개월 | R100: 12개월 | S100: 12개월 | T100: 6개월 | V100: 백만원 | W100: 12개월 | X100: 12개월 | Y100: 12개월 | Z100: 6개월
P101: 매출 | Q101: =BB12 -> 4754087094 | R101: =BC12 -> 9629636821 | S101: =BD12 -> 12969500563 | T101: =BE12 -> 5764099605 | V101: 매출 | W101: =BB12 -> 4754087094 | X101: =BC12 -> 9629636821 | Y101: =BD12 -> 12969500563 | Z101: =BE12 -> 5764099605
P102: 매출원가 | Q102: =BB36 -> 4274815175 | R102: =BC36 -> 7174715631 | S102: =BD36 -> 10047890073 | T102: =BE36 -> 4373390657 | V102: 재료비 | W102: =BB13 -> 4244649749 | X102: =BC13 -> 7154233638 | Y102: =BD13 -> 10046056064 | Z102: =BE13 -> 4357281611 | AA102: =Y102/Y101 -> 0.77459082
P103: 매출총이익 | Q103: =Q101-Q102 -> 479271919 | R103: =R101-R102 -> 2454921190 | S103: =S101-S102 -> 2921610490 | T103: =T101-T102 -> 1390708948 | V103: 직접인건비 | W103: =BB24 -> 410159 | X103: =BC24 -> 536633 | Y103: =BD24 -> 161304 | Z103: =BE24 -> 46202
P104: 매출총이익% | Q104: =Q103/Q101 -> 0.10081261 | R104: =R103/R101 -> 0.25493393 | S104: =S103/S101 -> 0.22526777 | T104: =T103/T101 -> 0.2412708 | V104: 외주비 | W104: =SUM(BB27:BB28) -> 27589189 | X104: =SUM(BC27:BC28) -> 8846974 | Y104: =SUM(BD27:BD28) -> 34533919 | Z104: =SUM(BE27:BE28) -> 14357144
P105: 판매관리비 | Q105: =BB41 -> 281176820 | R105: =BC41 -> 388075589 | S105: =BD41 -> 500449287 | T105: =BE41 -> 222536089 | V105: 판매비 | W105: =SUM(BB42:BB45) -> 233378088 | X105: =SUM(BC42:BC45) -> 159378195 | Y105: =SUM(BD42:BD45) -> 251803273 | Z105: =SUM(BE42:BE45) -> 97994523
P106: 영업이익 | Q106: =Q103-Q105 -> 198095099 | R106: =R103-R105 -> 2066845601 | S106: =S103-S105 -> 2421161203 | T106: =T103-T105 -> 1168172859 | V106: 공헌이익 | W106: =W101-SUM(W102:W105) -> 248059909 | X106: =X101-SUM(X102:X105) -> 2306641381 | Y106: =Y101-SUM(Y102:Y105) -> 2636946003 | Z106: =Z101-SUM(Z102:Z105) -> 1294420125
P107: 영업이익% | Q107: =Q106/Q101 -> 0.041668378 | R107: =R106/R101 -> 0.21463381 | S107: =S106/S101 -> 0.18668114 | T107: =T106/T101 -> 0.20266354 | V107: 공헌이익% | W107: =W106/W101 -> 0.052178242 | X107: =X106/X101 -> 0.23953566 | Y107: =Y106/Y101 -> 0.20331901 | Z107: =Z106/Z101 -> 0.22456588

Sheet Code
B2: 2015년 거래처원장 기준
B3: 그룹사 코드 Mapping
B4: 고객 | C4: 고객명 | D4: 그룹 | E4: 그룹명
B5: 10004 | C5: (주)두원공조 | D5: A0 | E5: 자동차부문 기타
B6: 10181 | C6: 한라비스테온공조㈜ | D6: A0 | E6: 자동차부문 기타
B7: 10511 | C7: 존슨콘트롤즈오토모티브코리아(주) | D7: A0 | E7: 자동차부문 기타
B8: 10641 | C8: 존슨콘트롤즈오토모티브 인테리어코리 | D8: A0 | E8: 자동차부문 기타
B9: 10831 | C9: (주)지맥스 | D9: A0 | E9: 자동차부문 기타
B10: 10896 | C10: 엘지전자(주) | D10: A0 | E10: 자동차부문 기타
B11: 10906 | C11: 현대위아(주) | D11: A0 | E11: 자동차부문 기타
B12: 12104 | C12: 현대중공업(주) | D12: A0 | E12: 자동차부문 기타
B13: 12107 | C13: 엔브이에이치코리아(주) | D13: A0 | E13: 자동차부문 기타
B14: 12111 | C14: 광성기업(주) | D14: A0 | E14: 자동차부문 기타
B15: 12115 | C15: (주)세진 | D15: A0 | E15: 자동차부문 기타
B16: 12180 | C16: 주원 | D16: A0 | E16: 자동차부문 기타
... B208: 12452 | C208: (주)맥시스 | D208: (비어 있음) | E208: 미지정

Sheet PBC

Sheet 매출2012
A1: 매출 명세서
A3: 2012년1월1일부터 2012년12월31일까지
A4: 대성전기공업㈜ | E4: (단위:원)
A5: 구분 | B5: 제품군 | C5: 제품명 | D5: 수량 | E5: 금액 | F5: ASP
A6: 내수 | B6: 스위치 | C6: 내장 Room Lamp | D6: 11723980 | E6: 44429056993 | F6: =E6/D6 -> 3789.5883
A7: 내수 | B7: 스위치 | C7: Gear Shift | D7: 3782 | E7: 451683356 | F7: =E7/D7 -> 119429.76
A8: 내수 | B8: 스위치 | C8: Haptic 스위치 | D8: 4176 | E8: 198946076 | F8: =E8/D8 -> 47640.344
A9: 내수 | B9: 스위치 | C9: Remocon 스위치 | D9: 6689981 | E9: 33308206605 | F9: =E9/D9 -> 4978.8193
A10: 내수 | B10: 스위치 | C10: Switch 일반 | D10: 55300893 | E10: 4512056637 | F10: =E10/D10 -> 81.591027
A11: 내수 | B11: 스위치 | C11: Switch MIC | D11: 2211335 | E11: 356317510 | F11: =E11/D11 -> 161.13231
A12: 내수 | B12: 스위치 | C12: Switch-IH | D12: 5408289 | E12: 20525008102 | F12: =E12/D12 -> 3795.1019
A13: 내수 | B13: 스위치 | C13: Switch-IP | D13: 24640227 | E13: 50021114779 | F13: =E13/D13 -> 2030.059
A14: 내수 | B14: 스위치 | C14: Switch-M/F | D14: 7137554 | E14: 48001462591 | F14: =E14/D14 -> 6725.1978
A15: 내수 | B15: 스위치 | C15: Switch-P/W | D15: 15516608 | E15: 69285314580 | F15: =E15/D15 -> 4465.2359
A16: 내수 | B16: 스위치 | C16: 소계 | D16: =SUM(D6:D15) -> 1.2863682e+08 | E16: =SUM(E6:E15) -> 271089167229 | F16: =E16/D16 -> 2107.3994
A17: 내수 | B17: 릴레이 | C17: 280 RELAY | D17: 3295581 | E17: 2383128789 | F17: =E17/D17 -> 723.12857
A18: 내수 | B18: 릴레이 | C18: ICM RELAY | D18: 30920 | E18: 89121248 | F18: =E18/D18 -> 2882.3172
A19: 내수 | B19: 릴레이 | C19: ISO TYPE RELAY | D19: 36417936 | E19: 30160665684 | F19: =E19/D19 -> 828.18163
A20: 내수 | B20: 릴레이 | C20: JIS TYPE RELAY | D20: 86191 | E20: 91138936 | F20: =E20/D20 -> 1057.4066
A21: 내수 | B21: 릴레이 | C21: PCB RELAY | D21: 1600 | E21: 2220800 | F21: =E21/D21 -> 1388
A22: 내수 | B22: 릴레이 | C22: Solenoid RELAY | D22: 15347 | E22: 34621986 | F22: =E22/D22 -> 2255.9449
A23: 내수 | B23: 릴레이 | C23: STOP SINAL RELAY | D23: 1990534 | E23: 10450385755 | F23: =E23/D23 -> 5250.0413
A24: 내수 | B24: 릴레이 | C24: 소계 | D24: =SUM(D17:D23) -> 41838109 | E24: =SUM(E17:E23) -> 43211283198 | F24: =E24/D24 -> 1032.8211
A25: 내수 | B25: BCS | C25: 환형터미널 | D25: 3201932 | E25: 5971059113 | F25: =E25/D25 -> 1864.8301
A26: 내수 | B26: BCS | C26: Connector (Bec用) | D26: 575000 | E26: -6340784 | F26: =E26/D26 -> -11.02745
A27: 내수 | B27: BCS | C27: Connector (MOLD) | D27: 233480 | E27: 53436104 | F27: =E27/D27 -> 228.86801
A28: 내수 | B28: BCS | C28: Connector (Wire用) | D28: 120375 | E28: 304125 | F28: =E28/D28 -> 2.5264798
A29: 내수 | B29: BCS | C29: Juction Box | D29: 15278920 | E29: 19819895630 | F29: =E29/D29 -> 1297.2053
A30: 내수 | B30: BCS | C30: Relay 기타 | D30: 643006 | E30: 870264012 | F30: =E30/D30 -> 1353.4306
A31: 내수 | B31: BCS | C31: 소계 | D31: =SUM(D25:D30) -> 20052713 | E31: =SUM(E25:E30) -> 26708618200 | F31: =E31/D31 -> 1331.9204
A32: 내수 | B32: ECU | C32: 전장 Unit | D32: 2951533 | E32: 8529265275 | F32: =E32/D32 -> 2889.7747
A33: 내수 | B33: ECU | C33: BODY CONTROL MODULE | D33: 8873 | E33: 50693370 | F33: =E33/D33 -> 5713.2165
A34: 내수 | B34: ECU | C34: CT SENSOR | D34: 10036 | E34: 19474732 | F34: =E34/D34 -> 1940.4874
A35: 내수 | B35: ECU | C35: GLASS ANTENA | D35: 533223 | E35: 2643774748 | F35: =E35/D35 -> 4958.1034
A36: 내수 | B36: ECU | C36: HF Kit 자동차용 | D36: 559546 | E36: 1821700637 | F36: =E36/D36 -> 3255.6763
A37: 내수 | B37: ECU | C37: Power Seat Module | D37: 270493 | E37: 6623998637 | F37: =E37/D37 -> 24488.614
A38: 내수 | B38: ECU | C38: Steering Wheel Angel system | D38: 308319 | E38: 3563093350 | F38: =E38/D38 -> 11556.516
A39: 내수 | B39: ECU | C39: Torque Only Sensor | D39: 103 | E39: 14147054 | F39: =E39/D39 -> 137350.04
A40: 내수 | B40: ECU | C40: Virtual Engine Sound | D40: 64291 | E40: 2188684000 | F40: =E40/D40 -> 34043.396
A41: 내수 | B41: ECU | C41: Yaw & G Sensor | D41: 442944 | E41: 12472056770 | F41: =E41/D41 -> 28157.186
A42: 내수 | B42: ECU | C42: 소계 | D42: =SUM(D32:D41) -> 5149361 | E42: =SUM(E32:E41) -> 37926888573 | F42: =E42/D42 -> 7365.3583
A43: 내수 | B43: 전력제어 | C43: Ballast | D43: 196446 | E43: 5679426019 | F43: =E43/D43 -> 28910.876
A44: 내수 | B44: 전력제어 | C44: Converter | D44: 152948 | E44: 3722587952 | F44: =E44/D44 -> 24338.912
A45: 내수 | B45: 전력제어 | C45: 소계 | D45: =SUM(D43:D44) -> 349394 | E45: =SUM(E43:E44) -> 9402013971 | F45: =E45/D45 -> 26909.489
A46: 내수 | B46: 모터 | C46: Motor BLDC | D46: 250000 | E46: 56454227 | F46: =E46/D46 -> 225.81691
A47: 내수 | B47: 모터 | C47: 소계 | D47: =SUM(D46) -> 250000 | E47: =SUM(E46) -> 56454227 | F47: =E47/D47 -> 225.81691
A48: 내수 | B48: 기타 | C48: 금형 | D48: 29 | E48: 43790910 | F48: =E48/D48 -> 1510031.4
A49: 내수 | B49: 기타 | C49: 기타 (부품) | D49: 14687741 | E49: 777126284 | F49: =E49/D49 -> 52.909858
A50: 내수 | B50: 기타 | C50: 기타 (원자재) | D50: 18653674 | E50: 196675494 | F50: =E50/D50 -> 10.543526
A51: 내수 | B51: 기타 | C51: 설비 | D51: 2 | E51: 20776377 | F51: =E51/D51 -> 10388188
A52: 내수 | B52: 기타 | C52: 파생상품 | E52: -31926300 | F52: =E52/D52 -> #DIV/0!
A53: 내수 | B53: 기타 | C53: 소계 | D53: =SUM(D48:D52) -> 33341446 | E53: =SUM(E48:E52) -> 1006442765 | F53: =E53/D53 -> 30.185936
A54: 내수 | B54: 총계 | D54: =+D16+D24+D31+D42+D45+D47+D53 -> 2.2961785e+08 | E54: =+E16+E24+E31+E42+E45+E47+E53 -> 389400868163 | F54: =E54/D54 -> 1695.865
A55: 수출 | B55: 스위치 | C55: 내장 Room Lamp | D55: 1261190 | E55: 3283269416 | F55: =E55/D55 -> 2603.3107
A56: 수출 | B56: 스위치 | C56: Remocon 스위치 | D56: 6422408 | E56: 8355744720 | F56: =E56/D56 -> 1301.0299
A57: 수출 | B57: 스위치 | C57: Switch 일반 | D57: 9437648 | E57: 440990328 | F57: =E57/D57 -> 46.726719
A58: 수출 | B58: 스위치 | C58: Switch MIC | D58: 694370 | E58: 105967178 | F58: =E58/D58 -> 152.6091
A59: 수출 | B59: 스위치 | C59: Switch-IH | D59: 4970892 | E59: 517106776 | F59: =E59/D59 -> 104.02696
A60: 수출 | B60: 스위치 | C60: Switch-IP | D60: 167885274 | E60: 34519801146 | F60: =E60/D60 -> 205.61542
A61: 수출 | B61: 스위치 | C61: Switch-M/F | D61: 116504028 | E61: 14015171999 | F61: =E61/D61 -> 120.29775
A62: 수출 | B62: 스위치 | C62: Switch-P/W | D62: 387546714 | E62: 18551297786 | F62: =E62/D62 -> 47.868546
A63: 수출 | B63: 스위치 | C63: 소계 | D63: =SUM(D55:D62) -> 694722524 | E63: =SUM(E55:E62) -> 79789349349 | F63: =E63/D63 -> 114.85067
A64: 수출 | B64: 릴레이 | C64: 280 RELAY | D64: 43992394 | E64: 20394379254 | F64: =E64/D64 -> 463.58876
A65: 수출 | B65: 릴레이 | C65: ISO TYPE RELAY | D65: 3994450 | E65: 2138430601 | F65: =E65/D65 -> 535.35045
A66: 수출 | B66: 릴레이 | C66: JIS TYPE RELAY | D66: 450783 | E66: 329426149 | F66: =E66/D66 -> 730.78654
A67: 수출 | B67: 릴레이 | C67: PCB RELAY | D67: 70560 | E67: 79804485 | F67: =E67/D67 -> 1131.0159
A68: 수출 | B68: 릴레이 | C68: STOP SINAL RELAY | D68: 29000 | E68: -48657759 | F68: =E68/D68 -> -1677.8538
A69: 수출 | B69: 릴레이 | C69: 소계 | D69: =SUM(D64:D68) -> 48537187 | E69: =SUM(E64:E68) -> 22893382730 | F69: =E69/D69 -> 471.66686
A70: 수출 | B70: BCS | C70: Connector (Bec用) | D70: 19 | E70: 18891 | F70: =E70/D70 -> 994.26316
A71: 수출 | B71: BCS | C71: Juction Box | D71: 22253974 | E71: 17075818222 | F71: =E71/D71 -> 767.31546
A72: 수출 | B72: BCS | C72: Relay 기타 | D72: 83275914 | E72: 3058079882 | F72: =E72/D72 -> 36.722261
A73: 수출 | B73: BCS | C73: 소계 | D73: =SUM(D70:D72) -> 105529907 | E73: =SUM(E70:E72) -> 20133916995 | F73: =E73/D73 -> 190.78873
A74: 수출 | B74: ECU | C74: 전장 Unit | D74: 2399361 | E74: 704477894 | F74: =E74/D74 -> 293.61063
A75: 수출 | B75: ECU | C75: BODY CONTROL MODULE | D75: 5700 | E75: 4416612 | F75: =E75/D75 -> 774.84421
A76: 수출 | B76: ECU | C76: GLASS ANTENA | D76: 8240 | E76: 47150701 | F76: =E76/D76 -> 5722.1725
A77: 수출 | B77: ECU | C77: HF Kit 자동차용 | D77: 398965 | E77: 120179532 | F77: =E77/D77 -> 301.22826
A78: 수출 | B78: ECU | C78: Power Seat Module | D78: 480 | E78: 11438592 | F78: =E78/D78 -> 23830.4
A79: 수출 | B79: ECU | C79: Steering Wheel Angel system | D79: 17667 | E79: 218494595 | F79: =E79/D79 -> 12367.385
A80: 수출 | B80: ECU | C80: Torque Only Sensor | E80: 77785 | F80: =E80/D80 -> #DIV/0!
A81: 수출 | B81: ECU | C81: Yaw & G Sensor | D81: 29363 | E81: 1142010713 | F81: =E81/D81 -> 38892.849
A82: 수출 | B82: ECU | C82: 소계 | D82: =SUM(D74:D81) -> 2859776 | E82: =SUM(E74:E81) -> 2248246424 | F82: =E82/D82 -> 786.16172
A83: 수출 | B83: 전력제어 | C83: Converter | D83: 481860 | E83: 11456155657 | F83: =E83/D83 -> 23774.863
A84: 수출 | B84: 전력제어 | C84: 소계 | D84: =SUM(D83) -> 481860 | E84: =SUM(E83) -> 11456155657 | F84: =E84/D84 -> 23774.863
A85: 수출 | B85: 모터 | C85: Motor BLDC | D85: 2023000 | E85: 9037247 | F85: =E85/D85 -> 4.4672501
A86: 수출 | B86: 모터 | C86: 소계 | D86: =SUM(D85) -> 2023000 | E86: =SUM(E85) -> 9037247 | F86: =E86/D86 -> 4.4672501
A87: 수출 | B87: 기타 | C87: 금형 | D87: 4 | E87: 58970433 | F87: =E87/D87 -> 14742608
A88: 수출 | B88: 기타 | C88: 기타 (부품) | D88: 4025876 | E88: 95036361 | F88: =E88/D88 -> 23.606381
A89: 수출 | B89: 기타 | C89: 기타 (원자재) | D89: 268907371 | E89: 1112329838 | F89: =E89/D89 -> 4.1364795
A90: 수출 | B90: 기타 | C90: 설비 | D90: 17 | E90: 1372217153 | F90: =E90/D90 -> 80718656
A91: 수출 | B91: 기타 | C91: 소계 | D91: =SUM(D87:D90) -> 272933268 | E91: =SUM(E87:E90) -> 2638553785 | F91: =E91/D91 -> 9.6673953
A92: 수출 | B92: 총계 | D92: =+D63+D69+D73+D82+D84+D86+D91 -> 1127087522 | E92: =+E63+E69+E73+E82+E84+E86+E91 -> 139168642187 | F92: =E92/D92 -> 123.47634
A93: 합 계 | D93: 1.3567054e+09 | E93: 528569510350 | F93: =E93/D93 -> 389.59786

Sheet 매출2013
A1: 매출 내역서
A2: 2013년 1월 1일부터 2013년 12월 31일까지
A4: 대성전기공업주식회사 | E4: (단위:원)
A5: 구분 | B5: 제품군 | C5: 제품명 | D5: 수량 | E5: 금액 | F5: 단가
A6: 내수 | B6: 스위치사업팀 | C6: Gear Shift Module | D6: 196 | E6: 34294026 | F6: =E6/D6 -> 174969.52
A7: 내수 | C7: Haptic Switch | D7: 7880 | E7: 344694176 | F7: =E7/D7 -> 43742.916
A8: 내수 | C8: Inhibitor Switch | D8: 4911129 | E8: 23011950358 | F8: =E8/D8 -> 4685.6742
A9: 내수 | C9: In Panel Switch | D9: 23974392 | E9: 50714691737 | F9: =E9/D9 -> 2115.3693
A10: 내수 | C10: Muti Function Switch | D10: 7342293 | E10: 43722410516 | F10: =E10/D10 -> 5954.8714
A11: 내수 | C11: Power Window Switch | D11: 17241831 | E11: 74257129163 | F11: =E11/D11 -> 4306.8007
A12: 내수 | C12: Remocon Switch | D12: 6475561 | E12: 38991641762 | F12: =E12/D12 -> 6021.3535
A13: 내수 | C13: Micro Switch | D13: 293876 | E13: 476799445 | F13: =E13/D13 -> 1622.4511
A14: 내수 | C14: General Switch | D14: 4870906 | E14: 2625634862 | F14: =E14/D14 -> 539.04445
A15: 내수 | C15: Interior Lamp | D15: 11714696 | E15: 50476459696 | F15: =E15/D15 -> 4308.8152
A16: 내수 | B16: 스위치사업팀 | C16: 소 계 | D16: 76832760 | E16: 284655705741 | F16: =E16/D16 -> 3704.8741
A17: 내수 | B17: 릴레이사업팀 | C17: 280 RELAY | D17: 2831229 | E17: 2054175210 | F17: =E17/D17 -> 725.54188
A18: 내수 | C18: ICM Relay | D18: 80869 | E18: 255450339 | F18: =E18/D18 -> 3158.8166
A19: 내수 | C19: ISO Type Relay | D19: 36905214 | E19: 33105737510 | F19: =E19/D19 -> 897.0477
A20: 내수 | C20: JIS Type Relay | D20: 349931 | E20: 370097869 | F20: =E20/D20 -> 1057.631
A21: 내수 | C21: PCB Type Relay | D21: 11200 | E21: 9287200 | F21: =E21/D21 -> 829.21429
A22: 내수 | C22: Solenoid RELAY | D22: 53101 | E22: 123123588 | F22: =E22/D22 -> 2318.668
A23: 내수 | B23: 릴레이사업팀 | C23: 소 계 | D23: 40231544 | E23: 35917871716 | F23: =E23/D23 -> 892.77885
A24: 내수 | B24: BCS사업팀 | C24: Junction Box | D24: 10777851 | E24: 15792464401 | F24: =E24/D24 -> 1465.2702
A25: 내수 | C25: Connector (Bec用) | D25: 52098 | E25: -25389243 | F25: =E25/D25 -> -487.33623
A26: 내수 | C26: Connector (MOLD) | D26: 87750 | E26: 1579500 | F26: =E26/D26 -> 18
A27: 내수 | C27: Connector (Wire用) | D27: -2400 | E27: -514800 | F27: =E27/D27 -> 214.5
A28: 내수 | C28: Ring Shape Terminal | D28: 323600 | E28: 4679681092 | F28: =E28/D28 -> 14461.314
A29: 내수 | C29: Relay 기타(RPC/RSP/RER 로 분리) | D29: 38000 | E29: 760000 | F29: =E29/D29 -> 20
A30: 내수 | B30: BCS사업팀 | C30: 소 계 | D30: 11276899 | E30: 20448580950 | F30: =E30/D30 -> 1813.316
A31: 내수 | B31: ECU사업팀 | C31: Body Control Module | D31: -72811 | E31: -6918777 | F31: =E31/D31 -> 95.023788
A32: 내수 | C32: Current Sensor | D32: 321 | E32: 13113580 | F32: =E32/D32 -> 40852.274
A33: 내수 | C33: Glass Antenna | D33: 782831 | E33: 685939285 | F33: =E33/D33 -> 876.22908
A34: 내수 | C34: Hands Free Unit | D34: 1041259 | E34: 1484325322 | F34: =E34/D34 -> 1425.5102
A35: 내수 | C35: Power Seat Module | D35: 415365 | E35: 9513607221 | F35: =E35/D35 -> 22904.21
A36: 내수 | F36: =E36/D36 -> #DIV/0!
A37: 내수 | C37: Steering Angle Sensor | D37: 299301 | E37: 3510570607 | F37: =E37/D37 -> 11729.231
A38: 내수 | C38: Yaw & G Sensor | D38: 195091 | E38: 5517196849 | F38: =E38/D38 -> 28280.12
A39: 내수 | C39: Torque Only Sensor | E39: -39279 | F39: =E39/D39 -> #DIV/0!
A40: 내수 | C40: Control Unit | D40: 4615415 | E40: 14195431838 | F40: =E40/D40 -> 3075.6567
A41: 내수 | C41: Virtual Engine Sound System | D41: 72920 | E41: 2423895370 | F41: =E41/D41 -> 33240.474
A42: 내수 | B42: ECU사업팀 | C42: 소 계 | D42: 7349692 | E42: 37337122016 | F42: =E42/D42 -> 5080.0934
A43: 내수 | B43: 전력제어사업팀 | C43: Ballast | D43: 290863 | E43: 8075465260 | F43: =E43/D43 -> 27763.811
A44: 내수 | C44: Converter | D44: 244949 | E44: 2670711032 | F44: =E44/D44 -> 10903.131
A45: 내수 | B45: 전력제어사업팀 | C45: 소 계 | D45: 535812 | E45: 10746176292 | F45: =E45/D45 -> 20055.871
A46: 내수 | B46: 모터사업팀 | C46: Brushless DC Motor | D46: 5088 | E46: 92813086 | F46: =E46/D46 -> 18241.566
A47: 내수 | C47: Moter for MDPS | D47: 2 | E47: 197197325 | F47: =E47/D47 -> 98598662
A48: 내수 | B48: 모터사업팀 | C48: 소 계 | D48: 5090 | E48: 290010411 | F48: =E48/D48 -> 56976.505
A49: 내수 | B49: 기타 | C49: 기타 (부품) | D49: 857000 | E49: 35165000 | F49: =E49/D49 -> 41.032672
A50: 내수 | C50: 기타 (원자재) | D50: 1637043 | E50: 7535341 | F50: =E50/D50 -> 4.6030196
A51: 내수 | C51: Molding Tool | D51: 12 | E51: 46130555 | F51: =E51/D51 -> 3844212.9
A52: 내수 | C52: 파생상품 | E52: 2092366000 | F52: =E52/D52 -> #DIV/0!
A53: 내수 | B53: 기타 | C53: 소 계 | D53: 2494055 | E53: 2181196896 | F53: =E53/D53 -> 874.55846
A54: 내수 | C54: 총 계 | D54: 138725852 | E54: 391576664022 | F54: =E54/D54 -> 2822.6654
A55: 수출 | B55: 스위치사업팀 | C55: Audio SW Assy | D55: 53765 | E55: 16461322 | F55: =E55/D55 -> 306.17171
A56: 수출 | C56: Inhibitor Switch | D56: 17905352 | E56: 660264649 | F56: =E56/D56 -> 36.875268
A57: 수출 | C57: In Panel Switch | D57: 239955190 | E57: 44718173494 | F57: =E57/D57 -> 186.36052
A58: 수출 | C58: Muti Function Switch | D58: 180242154 | E58: 20643578858 | F58: =E58/D58 -> 114.53247
A59: 수출 | C59: Power Window Switch | D59: 665252629 | E59: 19015676466 | F59: =E59/D59 -> 28.584143
A60: 수출 | C60: Remocon Switch | D60: 6397618 | E60: 12683374776 | F60: =E60/D60 -> 1982.5152
A61: 수출 | C61: Micro Switch | D61: 546511 | E61: 5361741 | F61: =E61/D61 -> 9.8108565
A62: 수출 | C62: General Switch | D62: 8068568 | E62: 446770558 | F62: =E62/D62 -> 55.371729
A63: 수출 | C63: Interior Lamp | D63: 1426368 | E63: 3683118363 | F63: =E63/D63 -> 2582.1656
A64: 수출 | B64: 스위치사업팀 | C64: 소 계 | D64: 1119848155 | E64: 101872780227 | F64: =E64/D64 -> 90.970173
A65: 수출 | B65: 릴레이사업팀 | C65: 280 RELAY | D65: 98695622 | E65: 19913221874 | F65: =E65/D65 -> 201.76398
A66: 수출 | C66: ISO Type Relay | D66: 27148753 | E66: 5016778990 | F66: =E66/D66 -> 184.78856
A67: 수출 | C67: JIS Type Relay | D67: 2627403 | E67: 1911296981 | F67: =E67/D67 -> 727.44721
A68: 수출 | C68: PCB Type Relay | D68: 252349 | E68: 301106669 | F68: =E68/D68 -> 1193.2152
A69: 수출 | C69: Stop Signal Relay | D69: 36000 | E69: 2995216 | F69: =E69/D69 -> 83.200444
A70: 수출 | C70: 소 계 | D70: 128760127 | E70: 27145399730 | F70: =E70/D70 -> 210.82147
A71: 수출 | B71: BCS사업팀 | C71: Junction Box | D71: 18780432 | E71: 14608790639 | F71: =E71/D71 -> 777.87298
A72: 수출 | C72: 소 계 | D72: 18780432 | E72: 14608790639 | F72: =E72/D72 -> 777.87298
A73: 수출 | B73: ECU사업팀 | C73: Body Control Module | D73: 36003 | E73: 2491141728 | F73: =E73/D73 -> 69192.615
A74: 수출 | C74: Glass Antenna | D74: 110000 | E74: 207737 | F74: =E74/D74 -> 1.8885182
A75: 수출 | C75: Hands Free Unit | D75: 295313 | E75: 20059105 | F75: =E75/D75 -> 67.924897
A76: 수출 | C76: Power Seat Module | D76: 16992 | E76: 415043797 | F76: =E76/D76 -> 24425.836
A77: 수출 | C77: Yaw & G Sensor | D77: 13351 | E77: 660437662 | F77: =E77/D77 -> 49467.281
A78: 수출 | C78: Torque Angle Sensor | D78: 1 | E78: 166653747 | F78: =E78/D78 -> 166653747
A79: 수출 | C79: Control Unit | D79: 1172822 | E79: 158834657 | F79: =E79/D79 -> 135.42947
A80: 수출 | C80: 소 계 | D80: 1644482 | E80: 3912378433 | F80: =E80/D80 -> 2379.0947
A81: 수출 | B81: 전력제어사업팀 | C81: Converter | D81: 481197 | E81: 10311943211 | F81: =E81/D81 -> 21429.775
A82: 수출 | C82: 소 계 | D82: 481197 | E82: 10311943211 | F82: =E82/D82 -> 21429.775
A83: 수출 | B83: 모터사업팀 | C83: Brushless DC Motor | D83: 8566000 | E83: 47633993 | F83: =E83/D83 -> 5.560821
A84: 수출 | C84: 소 계 | D84: 8566000 | E84: 47633993 | F84: =E84/D84 -> 5.560821
A85: 수출 | B85: 기타 | C85: 기타 (부품) | D85: 2425227 | E85: 138715594 | F85: =E85/D85 -> 57.196953
A86: 수출 | C86: 기타 (원자재) | D86: 474013486 | E86: 2458022184 | F86: =E86/D86 -> 5.1855533
A87: 수출 | C87: Machinery | D87: 31 | E87: 2798293845 | F87: =E87/D87 -> 90267543
A88: 수출 | C88: Molding Tool | D88: 19 | E88: 869646247 | F88: =E88/D88 -> 45770855
A89: 수출 | C89: 소 계 | D89: 476438763 | E89: 6264677870 | F89: =E89/D89 -> 13.148968
C90: 총 계 | D90: 1754519156 | E90: 164163604103 | F90: =E90/D90 -> 93.566151
C91: 합 계 | D91: 1893245008 | E91: 555740268125 | F91: =E91/D91 -> 293.53848
A107: =#REF!+1 -> #REF!

Sheet 매출2014
A1: 매출 내역서
A2: 2014년 1월 1일부터 2014년 12월 31일까지
A4: 대성전기공업주식회사 | E4: (단위:원)
A5: 구분 | B5: 제품군 | C5: 제품명 | D5: 수량 | E5: 금액 | F5: ASP
A6: 내수 | B6: 스위치사업팀 | C6: Power Window Switch | D6: 14682298 | E6: 77304936133 | F6: =E6/D6 -> 5265.1796
C7: In Panel Switch | D7: 21739980 | E7: 55715484860 | F7: =E7/D7 -> 2562.8121
C8: Interior Lamp | D8: 12227198 | E8: 54299390077 | F8: =E8/D8 -> 4440.8695
C9: Muti Function Switch | D9: 6861427 | E9: 42790382752 | F9: =E9/D9 -> 6236.3679
C10: Remocon Switch | D10: 5650329 | E10: 35095350293 | F10: =E10/D10 -> 6211.2047
C11: Inhibitor Switch | D11: 2982876 | E11: 16778628079 | F11: =E11/D11 -> 5624.9834
C12: General Switch | D12: 1959760 | E12: 1073865459 | F12: =E12/D12 -> 547.95764
C13: Micro Switch | D13: 263780 | E13: 466541548 | F13: =E13/D13 -> 1768.6767
C14: Haptic Switch | D14: 4979 | E14: 221709229 | F14: =E14/D14 -> 44528.867
C15: Gear Shift Module | D15: 1446 | E15: 32171610 | F15: =E15/D15 -> 22248.693
C16: 소 계 | D16: =SUM(D6:D15) -> 66374073 | E16: =SUM(E6:E15) -> 283778460040 | F16: =E16/D16 -> 4275.4414
B17: 릴레이사업팀 | C17: ISO Type Relay | D17: 33635928 | E17: 26727866922 | F17: =E17/D17 -> 794.62255
C18: 280 RELAY | D18: 2336023 | E18: 1659179890 | F18: =E18/D18 -> 710.25837
C19: JIS Type Relay | D19: 320934 | E19: 351990189 | F19: =E19/D19 -> 1096.7681
C20: ICM Relay | D20: 67459 | E20: 218329249 | F20: =E20/D20 -> 3236.4733
C21: Solenoid RELAY | D21: 10293 | E21: 21557214 | F21: =E21/D21 -> 2094.3567
C22: PCB Type Relay | D22: 8400 | E22: 6724000 | F22: =E22/D22 -> 800.47619
C23: Relay 기타 | D23: 31000 | E23: 620000 | F23: =E23/D23 -> 20
C24: 소 계 | D24: =SUM(D17:D23) -> 36410037 | E24: =SUM(E17:E23) -> 28986267464 | F24: =E24/D24 -> 796.10651
B25: BCS사업팀 | C25: Junction Box | D25: 8619164 | E25: 9158571567 | F25: =E25/D25 -> 1062.5824
C26: Ring Shape Terminal | D26: 529048 | E26: 3127316549 | F26: =E26/D26 -> 5911.2151
C27: 소 계 | D27: =SUM(D25:D26) -> 9148212 | E27: =SUM(E25:E26) -> 12285888116 | F27: =E27/D27 -> 1342.9824
B28: ECU사업팀 | C28: Control Unit | D28: 4801358 | E28: 23182182122 | F28: =E28/D28 -> 4828.2553
C29: Power Seat Module | D29: 419798 | E29: 9997420421 | F29: =E29/D29 -> 23814.836
C30: Steering Angle Sensor | D30: 429482 | E30: 4559100053 | F30: =E30/D30 -> 10615.346
C31: Virtual Engine Sound System | D31: 79951 | E31: 2919359568 | F31: =E31/D31 -> 36514.36
C32: Hands Free Unit | D32: 593270 | E32: 1682875242 | F32: =E32/D32 -> 2836.6094
C33: Current Sensor | D33: 41629 | E33: 1405456428 | F33: =E33/D33 -> 33761.475
C34: Glass Antenna | D34: 150375 | E34: 512516411 | F34: =E34/D34 -> 3408.2554
C35: Yaw & G Sensor | D35: 24871 | E35: 415596050 | F35: =E35/D35 -> 16710.066
F36: =E36/D36 -> #DIV/0!
A37: =#REF!+1 -> #REF! | F37: =E37/D37 -> #DIV/0!
A38: 구분 | B38: 제품군 | C38: 제품명 | D38: 수량 | E38: 금액 | F38: =E38/D38 -> #VALUE!
C39: Torque Only Sensor | D39: 23867 | E39: 371423585 | F39: =E39/D39 -> 15562.223
C40: Body Control System | D40: 0 | E40: 108702000 | F40: =E40/D40 -> #DIV/0!
C41: Anti Theft Alarm System | D41: 597 | E41: 85150730 | F41: =E41/D41 -> 142631.04
C42: Body Control Module | D42: -33500 | E42: 22140000 | F42: =E42/D42 -> -660.89552
C43: 소 계 | D43: =SUM(D28:D42) -> 6531698 | E43: =SUM(E28:E42) -> 45261922610 | F43: =E43/D43 -> 6929.5798
B44: 전력제어사업팀 | C44: Ballast | D44: 390339 | E44: 10345800233 | F44: =E44/D44 -> 26504.654
C45: Converter | D45: 119076 | E45: 2824838029 | F45: =E45/D45 -> 23722.984
C46: 소 계 | D46: =SUM(D44:D45) -> 509415 | E46: =SUM(E44:E45) -> 13170638262 | F46: =E46/D46 -> 25854.437
B47: 모터사업팀 | C47: Moter for MDPS | D47: 939027 | E47: 100941254 | F47: =E47/D47 -> 107.49558
C48: Brushless DC Motor | D48: 68 | E48: 57523882 | F48: =E48/D48 -> 845939.44
C49: 소 계 | D49: =SUM(D47:D48) -> 939095 | E49: =SUM(E47:E48) -> 158465136 | F49: =E49/D49 -> 168.74239
B50: 기타 | C50: 파생상품 | E50: 4530542000 | F50: =E50/D50 -> #DIV/0!
C51: 기타 (원자재) | D51: 25254 | E51: 8056026 | F51: =E51/D51 -> 319
C52: 기타 (부품) | D52: -320 | E52: 14136550 | F52: =E52/D52 -> -44176.719
C53: Molding Tool | E53: 58717920 | F53: =E53/D53 -> #DIV/0!
C54: Machinery | E54: 2000000 | F54: =E54/D54 -> #DIV/0!
C55: 소 계 | D55: =SUM(D50:D54) -> 24934 | E55: =SUM(E50:E54) -> 4613452496 | F55: =E55/D55 -> 185026.57
A56: 합 계 | D56: =D16+D24+D27+D43+D46+D49+D55 -> 119937464 | E56: =E16+E24+E27+E43+E46+E49+E55 -> 388255094124 | F56: =E56/D56 -> 3237.1461
A57: 수출 | B57: 스위치사업팀 | C57: In Panel Switch | D57: 253195215 | E57: 54374514441 | F57: =E57/D57 -> 214.75333
C58: Muti Function Switch | D58: 214677096 | E58: 27940908699 | F58: =E58/D58 -> 130.15319
C59: Power Window Switch | D59: 731249276 | E59: 26149061105 | F59: =E59/D59 -> 35.759435
C60: Remocon Switch | D60: 10294424 | E60: 12717676422 | F60: =E60/D60 -> 1235.3947
C61: Interior Lamp | D61: 1503479 | E61: 3776137724 | F61: =E61/D61 -> 2511.5999
C62: Audio SW Assy | D62: 9564169 | E62: 2972834598 | F62: =E62/D62 -> 310.83041
C63: Inhibitor Switch | D63: 23578144 | E63: 537528923 | F63: =E63/D63 -> 22.797762
C64: General Switch | D64: 7750583 | E64: 211126581 | F64: =E64/D64 -> 27.24009
C65: Micro Switch | D65: 493789 | E65: 14167317 | F65: =E65/D65 -> 28.691034
C66: 소 계 | D66: =SUM(D57:D65) -> 1252306175 | E66: =SUM(E57:E65) -> 128693955810 | F66: =E66/D66 -> 102.76557
B67: 릴레이사업팀 | C67: 280 RELAY | D67: 20517196 | E67: 10885495410 | F67: =E67/D67 -> 530.55473
C68: ISO Type Relay | D68: 18708653 | E68: 10622145076 | F68: =E68/D68 -> 567.76643
C69: JIS Type Relay | D69: 3228522 | E69: 2188610227 | F69: =E69/D69 -> 677.8985
C70: Relay 기타(RPC/RSP/RER 로 분리) | D70: 51030975 | E70: 1761089641 | F70: =E70/D70 -> 34.51021
C71: PCB Type Relay | D71: 381426 | E71: 512065514 | F71: =E71/D71 -> 1342.5029
C72: eRelay | D72: 0 | E72: 15453819 | F72: =E72/D72 -> #DIV/0!
A73: =A37+1 -> #REF! | F73: =E73/D73 -> #DIV/0!
A74: 구분 | B74: 제품군 | C74: 제품명 | D74: 수량 | E74: 금액 | F74: =E74/D74 -> #VALUE!
C75: Stop Signal Relay | D75: 34000 | E75: 8961035 | F75: =E75/D75 -> 263.55985
C76: 소 계 | D76: =SUM(D67:D75) -> 93900772 | E76: =SUM(E67:E75) -> 25993820722 | F76: =E76/D76 -> 276.82223
B77: BCS사업팀 | C77: Junction Box | D77: 12557473 | E77: 11729429923 | F77: =E77/D77 -> 934.05974
C78: 소 계 | D78: =SUM(D77) -> 12557473 | E78: =SUM(E77) -> 11729429923 | F78: =E78/D78 -> 934.05974
B79: ECU사업팀 | C79: Body Control Module | D79: 28000 | E79: 1353338957 | F79: =E79/D79 -> 48333.534
C80: Power Seat Module | D80: 45032 | E80: 978846238 | F80: =E80/D80 -> 21736.681
C81: Yaw & G Sensor | D81: 15480 | E81: 653802357 | F81: =E81/D81 -> 42235.294
C82: Control Unit | D82: 5422945 | E82: 649179201 | F82: =E82/D82 -> 119.70972
C83: Steering Angle Sensor | D83: 6552 | E83: 67124363 | F83: =E83/D83 -> 10244.866
C84: Torque Only Sensor | D84: 0 | E84: 61029338 | F84: =E84/D84 -> #DIV/0!
C85: Hands Free Unit | D85: 508435 | E85: 57401382 | F85: =E85/D85 -> 112.89817
C86: Current Sensor | D86: 0 | E86: 23306800 | F86: =E86/D86 -> #DIV/0!
C87: Glass Antenna | D87: 0 | E87: 17114508 | F87: =E87/D87 -> #DIV/0!
C88: 소 계 | D88: =SUM(D79:D87) -> 6026444 | E88: =SUM(E79:E87) -> 3861143144 | F88: =E88/D88 -> 640.70008
B89: 전력제어사업팀 | C89: Converter | D89: 551785 | E89: 10141814662 | F89: =E89/D89 -> 18380.012
C90: 소 계 | D90: =SUM(D89) -> 551785 | E90: =SUM(E89) -> 10141814662 | F90: =E90/D90 -> 18380.012
B91: 모터사업팀 | C91: Brushless DC Motor | D91: 3000000 | E91: 15550997 | F91: =E91/D91 -> 5.1836657
C92: 소 계 | D92: =SUM(D91) -> 3000000 | E92: =SUM(E91) -> 15550997 | F92: =E92/D92 -> 5.1836657
B93: 기타 | C93: 기타 (원자재) | D93: 654817375 | E93: 3393558686 | F93: =E93/D93 -> 5.1824506
C94: 기타 (부품) | D94: 9569 | E94: 7103892 | F94: =E94/D94 -> 742.38604
C95: Molding Tool | E95: 7108061599 | F95: =E95/D95 -> #DIV/0!
C96: Machinery | E96: 5472787345 | F96: =E96/D96 -> #DIV/0!
C97: 소 계 | D97: =SUM(D93:D96) -> 654826944 | E97: =SUM(E93:E96) -> 15981511522 | F97: =E97/D97 -> 24.405702
A98: 합 계 | D98: =D66+D76+D78+D88+D90+D92+D97 -> 2023169593 | E98: =E66+E76+E78+E88+E90+E92+E97 -> 196417226780 | F98: =E98/D98 -> 97.083916
A99: 총 계 | D99: =D56+D98 -> 2143107057 | E99: =E56+E98 -> 584672320904 | F99: =E99/D99 -> 272.81527
E102: 12448064293
A110: =A73+1 -> #REF!
